왜 TV 김남희 폭로 대해 선 안 나오지	FALSE
저런 쭉정이 같이 생긴 돈벌레  누구 구 원한 다 고 믿는 사람 들 바보	FALSE
신천지 따라다니고 돈 갔다 바치는 바보 ㄷ ㅅ 들	FALSE
유튜브 찾아보세요 존	FALSE
회개 나와서 신천지 있는 사람 들 이렇게라도 이야기 해준다니 다행 입니다	TRUE
하나님 까불면 나 죽어 이런 말 한 한기총 대표  괜찬은거  한기총 대표 말 한 것 올 바른 성 경 교육 시키는  곳 한기총	FALSE
부패한 기독교 목사 들 만행 범죄 들 보고 낙심 선량한 성도 들 신천지 품어주니 성도 들 신천지 한해 명 이동 하느거라 보인다 한국 기독교 하나님 앞 회개 다시 태어나는 심정 개 혁되 않으면 한국 기독교 종말 맞이 할것이다	FALSE
어짜피 망상 아닌게 있겠는가  사는게 다 망상 허상	FALSE
신천지 순우리말  새누리	FALSE
도대체 신천지 거 종교 믿고 따르는 사람 들 어떤 사람 들 딱 봐도 사이비 잖아 지하철역 기차역 입구 나가면 신천지 피켓 들 사람 들 꼬시 젊은이 들 정신차려라 사이비 빠지면 답 없다 인생 그냥 골로 가는거야	FALSE
하나님 예수님 특별히 은혜 받았다고 하는 사람 들 거의 다 사이비 입니다 하나님 여자 남자 종이 이방인 들 다 같게 대하십니다	TRUE
이만 희는 문둥병 환자 였다 경상도 놈 사기꾼  조용기 김삼환 등등 경상도 사 깃꾼 들	FALSE
목사 들 신도 들 많아지면  자기 들 신 착각 하면서 이 단화 되면서 사이비 종교 되는거잖아  이런 사이비 한 둘 아니잖아	FALSE
폭로 개뿔 내분	FALSE
여기 빠져 못 나오는 인간 들 불쌍타  사이비 무서운거야	FALSE
신천지 새누리  당시 최 순 실 지어 준 당 명 이었지	FALSE
신천지 소망교회 사랑 교 회사 뭐 다릅니까  그 놈 그 놈	FALSE
제발 정통 기독교도 정신차리시기 바랍니다  세상 비난 받는  다른 종파  꼭 같은 작태 이해 불가 입니다  한기총 해체 하고요  하나님 앞 교회 목회자 장로 들 먼저 자신 들 돌아보시고  참된 신앙 인 되 기를 바랍니다	FALSE
이만 희 궁딩 탁탁 치던 사람 잖아  교주 이만 희는 아직도 살았냐  참 오래도 산다	FALSE
신천지 정광 훈 이교 도 찐 개 찐 아닌가	FALSE
교회 썩었으니 신천지 생긴거지  기독교 자신 들 잘 돌아보길	FALSE
이번 총선 사이비 교주 두 명 등장 합니다 전광훈 허경영	FALSE
대한민국 암 적 존재  개독교  물론 성실한 신자 있고 성실한 목회자 있겠지만  자정작용 하지 않는 고 인물 일 뿐  빤스 목사 난리쳐도 나 몰라라 하는 것 보면 기독교 개독교 반증 변화 없으면 그건 사회 악일 뿐  대한민국 기독교 현재 사회 악 되어 버렸다	FALSE
댓글 모두  신천지 님 들 적극 마크  하셨네요 애쓰십니다  사이비 교주 비호 하느라	FALSE
없어져 야할 단체 신천지 한국 당	FALSE
그걸 이제 알다 미련 한 것  이만 희는 인간 일 뿐	FALSE
김남희 사실혼 그런 관계 아니던데  김남희 횡령 사 기침	FALSE
신천지 푹 빠지면 전도 한 답시고 학업 그만두고 직장 그만두고 가족 간 연도 끊어 버리던데  진짜 무서운 집단 이 더  일요일 날 신천지 교회 근처 지나면 남자 여자 검은 하의 흰색 와이셔츠 블라우스 입고 몰려다니던데 그 모 습보 소름 돋는다	FALSE
교주 이제 갈 나이 되니 세습 준비 중이 군  아니 분열	FALSE
한기총 더 혐오 스럽다	FALSE
저러고서는 신천지 내부 김남희 배도 자라고 하겠지 신천지 사이비 신도 들 불쌍하다 눈가 리 귀 막	FALSE
무서운건 젊은 사람 들 너 무 마니 다님	FALSE
저런 쓰레기 단체 속 버러지 들 뭔가	FALSE
신천지 뿐 아니라 모든 종교 허구  인간 들 똑똑한것 같지만 어리석다  세뇌 당하기 좋은 뇌 구조	FALSE
그냥 자기 사이비 하나 만들어서 나갈라고 준비 하는거로 보이네요	FALSE
뭐 사실 기독교도 성조기 들고 설치 “ 빤스내리 내신 ” 하는 판 뭔 정파 따져	FALSE
악의 세력 언젠가 는 진실 밝혀 진다  진리 입니다	FALSE
기생충 개 부문 수상 축하 합니다  ★ 한국 대 기생충 박멸 합시다  윤석열 이 개검 들  일베충 토착 왜구 당  전광훈 개독교 통일교 순 복음 신천지  연합뉴스 한국 언론	FALSE
드뎌 이단 신천지 이만 희 실체 드러나고 종말 오는 갑다 하긴 이만 희가 늙어 죽으면 또 대신 누가 나오겠지	FALSE
김 남씨 희가 자기 세력 확보 하려고 하나 보내요 이만 희 씨 생명 얼마 남지 않았습니다 그래서 자기 신격화 하려고 하는 것 같은 느낌 듭니  신천지 빠진 사람 들 다 나와라 거기 있을 곳 못 된다 거기 배운 것 모두 내려놓아야 합니다 그렇지 않으면 그 사상 젖어서 판단 정죄 하 될 것  거기 나올 때 자기 신체 일부 도려내려는 심정 나와야 한다 앞 날 캄캄하다고 할지라도 나와서 새로운 삶 살아가게 되면 인생 풀리게 된다	FALSE
김남희 신천지 있을 때 그런 말 없다가 나가서는 뒷담화 한다 인간 본래 그래 자기 합리화 시키니까 안철수 봐 문 대통령 엄청 뒷담화 진중권 또 어떻고 조국 엄청 뒷담화 하지 왜 고 자기 들이 가진게 그것 뿐 샘나고 시기 나고 질투 나고 지도 못 먹을 봐엔 남도 못 먹게 해 코지 하는거지 열심히 따라 다니고 지 들이 뭔가 될것처럼 하다가 오지랖 넓게 설치다가 가는 길이 다르니 남 흠잡는거지 그게 본래 인간 본 모습 인간 쉽게 안 변화드	FALSE
목사 미성년 자 강간 해도 감싸는것 들이 뭔 소리  다 똑같지	FALSE
교회 들 다 구라 성경 사랑 말 다 빼고 자기 말 안 들으면 지옥 간다 혹세 무민 있지요 지 들 입 나오는데로 지껄이고 예수님 말씀 먹 칠 하고 다니지요 장사치 들 입니다 가끔 진실된 분 들 계시	FALSE
영적 베필 아니고 영적 배필  기자 라면 오 탈 자 신경 좀 써세요  부끄럽다	FALSE
송기자 가짜 뉴스  가짜 뉴스 벌금 값 비싸게 받아 야한다  다시는 가짜 뉴스 못 하게 한쪽 말 믿고 일부러 편파 적 쓰는 송 주 열 기자  이제 그만 좀 해  그럼 한기총 잘 하고 있냐  자신 하는 짓 자신 눈높이 보지 못  그것 모라 뒷 집 어 씌우는 행태  한국 당 한기총	FALSE
종교 잘 이용 하면 떼돈 벌 수가 있답니다	TRUE
해 달 사람 얼굴 넣고 이 종교	FALSE
신천지 JMS 구원파 하나님 교회 몰몬교 통일교 대순진리회 만민 중앙 교회 사람 들 영혼 죽이는 이단 사이비 단체 들	FALSE
웃는가면 쓰고 접근 하여 많은 가정 파탄 시키는 신천지 이 사회 독 버섯 이자 암 덩어리 입니다  주변 몰아내 야합니다	FALSE
신천지 빠지면 헤어 나지 못 합니다  부부 관계 파탄 나구요 가족 해체 됩니다  무서운 단체 입니다	FALSE
우리나라 모든 이단 자유 한국 당 지지 하죠  이유 멀까 요  자유 한국 당 지지 하는 외국 세력  일본 자민당 미국 무기 마피아 잇고  북한 딱히 반대 안 하죠	FALSE
복음서 제대로 읽어도 신천지 왜 이단 너무 나 쉽게 잘 알 수 있습니다 마지막 때 여기저기 적그리스도 나온다고 미혹 한다고 조심 하 예수님 말씀 하셨습니다  교주 즉 사람 아닌 예수님 믿는 믿음 통 해서만이 천국 갈 수 있습니다	FALSE
저 놈 이만 희   저승사자 안 잡아가 누  아들 놈 저 놈 종교 믿고  집 안 오고  지금 부자 간도 끊긴 상태 입니다  내 아들 빼주  주겠다고 모 단체 의뢰 했는대 자신 없는가 봐요  내 지인 딸 빼 냈다길래 의뢰 했 드니 내 아들 못 빼내겠 대요  별 방법 없어서 재산 정리 해서 외국 도피 할려고 준비 중 입니다  내 나이 살인 대 저 놈 종교 땜 내 팔자 이 뭐람	FALSE
신 천지인 들 생각 가까운데 있고 아주 조직 적 전도 함 입 열면 거짓말 연기 잘 함 그리고 반복 교육 엄청나게 세뇌 시킴 성경공부 가서 비유 풀이 약속 목자 시온 산 이딴 단어 나오면 백퍼 신천지	FALSE
빤 쓰 교 전광훈 이 신천지 이만 희를  롤 모델 하고 있는듯	FALSE
신천지 대순진리회 길거리 포교 하면 욕지거리 나온다  제발 지나가는 사람 건드리지 너 네나 쳐 믿어라  말 걸지 마라 짜증 졸라 나	FALSE
사이비 종교 쳐 믿는 쓰레기 들 그냥 죽어라 너희 구 제 불능 폐기물 사회 암 적 존재 멍청한 것 들	FALSE
영생교 최태민 신천지 이만 희 친한 사이비 교주 들 우리 남이가	FALSE
신천지 개인 가정 파괴 하는 집단 새누리 나라 파먹는 집단 것 뿐	FALSE
신천지 이단 중 가장 악질  신천지 미쳐서 가정 풍비박산 난 집 여럿 봤어요	FALSE
저런 사이비 집단 종교 여기는 골빈 사람 들 이해 안감 통일교 신천지 죄다 사이비종교 왜 들 그런 곳 빠져서 인생 허비하는지 참 안타까울 따름 일 뿐 눈 크게 뜨고 잘 판단 해 사이비 빠져 패가망신 하지말고	FALSE
저런 것 들 한 태 가서 몸 주고 돈 주고 하는 자체 이해 안 간다	FALSE
하나님 지 한 테 죽는다는 한국 기독교 총 연합 한기총 대변 언론 CBS 가 올릴 기사 아니지 개독 한기총 사이비 아닌가	FALSE
대한민국 대형 교회 이단 변모 있다 목사 들 재물 눈 어두워 재산 축적 위해 헌금 자기 재산 소유 화하기 시작 했고 목사 경 제 공동체 구성 장로 성도 들 목사 편 들면서 정의 부르짖는 성도 들 교회 퇴 출 시키는 일 들 비일비재하게 일 아나고 있다	FALSE
신흥종교 주식회사 천국 항상 있어 왔던 스토리 굳이 종교 사업 성공 시킨 계보 따진다면 원조 박태선 선두 이만기 뿐 아니라 문선명 조용기 김삼환 등등 그리고 요즘 세습 문제 시끄러운 주자 들 점유 또다시 모방 아 류 들 가지 치면 제각기 모두 주도 권 다툼 벌리고 있는 것	FALSE
모든 종교 사업 예수 붓다 본인 의사 상관없이  교황 보고 교황청 떠나 일해 먹고 살라 안 할 것 이 불교 종주 들 마찬가지  정말 그 종교 좋다면 예수 붓다 행실 따르면 된다 교 이름 빠지지 말라	FALSE
한심한 신천지 들 정말 그 무엇 없어져야 할 종교	FALSE
빤스 회장 추대 한기총 먹사 들은 모두 여신 빤스 벗기고 싶은 넘 들이냐 니 마누라 빤스 벗겨라 ㅋㅋ	FALSE
최태민 최 순 실 신천지 우리말 새누리  ㅋㅋㅋㅋㅋㅋㅋ  박근혜 영업 부장 오 너 최 순 실	FALSE
사이비 빠지는 사람 들 신 없고  사이비 건 다 알  그 단체 규모 소 속 감 의지 하는거야  신천지 개 박살 나도 그 수 많은 조각 들  또 다른 사이비 종교 모습 드러내겠지	FALSE
신천지 빤스 목사 개판 오 분전	FALSE
세계 평화 연합 요런 거 앞뒤 붙혀서 하나님 팔 먹는 인간 들 다 사이비  정신 들 차립시다	FALSE
교주 목사 중놈 파렴치 범 아닌 연 놈 없다	FALSE
또 라이 들 종교 아편 같다는 마르크스 말 잘 음미 해 봐라	FALSE
신천지 박살 내자	FALSE
신천지 보면 통일교 짝뚱 같은 느낌	FALSE
영감 여자 사기치려고  왔다하겠네  진정 약속 목자 메시아 라면  사기꾼 년 하나 구별 못 하냐  단 니 네 이단 한기총	FALSE
신천지  천주교  장로교  순 복음   세상 이단 아닌 것 어디 있을까  작은 교회 가야 찾을 수 있을까  내 세상 다시 올 때 세상 믿음 보겠느냐  영생 오직 유일하신 참 하나님 그 보내신 예수 그리스 를 아는 것  참 하나님 예수 알려고 하지 않는 것 들 무슨 기독교 뭐 하면서  신자 들 지옥 끌고가고 있으니	FALSE
신천지 저물고 이제 빤스 목사 전광훈 뜨는구나 하나님 꼼짝 못 한다지요	FALSE
신천지 그 막대 돈 때문 분열 될것이다	FALSE
한기총 총 회장 출신  장효희 목사  신도 사랑 하다  경찰 남편 불어 닥치니  아파트 에어컨 실외 기  뒤 베란다 데롱 거리  숨어 있다가 빤스입 추락 사망  언론 과로 사망  이 대한민국 언론 현실 임  물론  과로사 맞겠네요  얼마나 대롱 거리 기 힘들었겠어요  인터넷  에어 장 목사 처 보세요  전광훈  이 놈 하나님 욕 하는 한기총 총 회장  이 들 보도 좀 하자	FALSE
포교 활동 어마 마한 신천지  신천지 안 성경 공부 하자고 하면서  짧게는 개월 길게는 성경공부 후 시험 통과 해야하고  교회 바로 데려가지도 않는다는 뎅	FALSE
신천지 처음 접근 할 때 자기 네 절 대 신천지 아니라고 하며 접근 해요  재능기부 별의별 거짓말 위장 해서는 자기 이론 성경공부 시켜요  그리고 이 긴자 들 어떻고 시온 산이 어떻고 바다 나와야 하고 어떻고 몇 달 공부 시킨 후  신천지 관련 동영상 보여준 후  비로소 자기 네 신천지 밝히고는 오히려 고마워하라고 큰소리쳐요  신천지 정말 거짓말 능 수능 란 하 해  결론 속으 안된다는거	FALSE
지구 상 신은 존 제하 않는다  신천지 구 천지  석 가든 예수  모두 사기 일 뿐  노동 력 돈 착취 하는 것  진정한 믿음  각자 마음속 선한 마음 가지  상식 살아가는 사람 신	FALSE
신천지 전광훈 종교 종교 아닌데도 거기 할렐루야 하는 사람 들 돌아삔	FALSE
니 들 끼리 마니 해먹 어  죽으라고 갖다 바치는 사람 들 지천  널렸다 잘 하면 팬티 내려 주고 정말 신천지	FALSE
여호와의증인 사이비  그 곳도 무서운 곳 조심하시길	FALSE
신천지 성 상납 재산 받치는 여러분 재발 정신 차리시고 악마 논 간 벗어 나십시요	FALSE
신천지 젊은이 들 특히 대학생 많음 이만 희가 어떻게 신 젊은이 들 정신차려라	FALSE
이단 전문가  과연 누가 이단  현 한기총 꼬 보면  한 심	FALSE
세치혀로 국민 들 뇌 마비 시켜 현혹 시키는 사기꾼 들	FALSE
난 이만 희 김 희 욕 하기 앞서 추종  따르는 자 들 정신 이상자 들이라고 본다	FALSE
신천지 구원파 뭐 다른거야  가정 파탄 청년 유린 재산 탕진  이단 끝판 왕  이 신천지	FALSE
세상 넓고   정신 나간 돌아이 많다	FALSE
이단 들 끼리 서로 이단  개독 통칭 하면 되는거 아닌가	FALSE
무신론자 입장 봤을 때 신천지 개독 뭐 다른 모르겠는디 조용기 이런 애 들 지가 교주 잖아	FALSE
요즘 기독교인 보면 신천지 별 다를 바 없는거 같다 종교인 과세 물건 너 간 건가	FALSE
빤스먹사 전광훈 이 한기총 회장 연 임 된거 보고 아 힌국 기독교 끝났구나 절실 히 느끼네요 명성교회 김삼환 이 재물 아까워서 아들 상속 해준거랑 북한 김부자 들 아니고 ㄷㄷ	FALSE
신천지 사회 악 거짓말 집단 입니다  성 경 말씀 끝 이만 희 신격화 입니다  신도 이만 희 똘만희 똘마 만드는것죠  빠져나오라 신호 보내도 못 알아듣는 사이비 신도 들  여기 귀 신천지 신도 들 애쓰십니다  사이비 교주 비호 하느라 ㅎ  정신병 자 심한 세뇌 집단    이런 기사 나오면 같은 똘 아이 한기총 전광훈 욕 하는 인간 들 다 신천지 임  비호 하느라 댓글 부대 출현 ㅎ	FALSE
개신교 신천지 도 긴 개긴	FALSE
신천지 왜 욕 하는지 개독 예수 하느님 없다는것을 전광훈 몸소 보여주고 있는데  좁쌀 키 재기 도둑 놈 사기꾼 매 일반	FALSE
한국 교회 신천지 보다 좀 낮냐 ㅋ ㅋ ㅋ ㅋ 정치 적 일 신도 좀 동원 하지 말아라 역겹다    신천지 한국 교회 그 나물 그 밥 누가 누 굴욕 하는지 코미디 허냐	FALSE
제 의 신천지 사이비 여자 교주 나오겠네  예수님 자신 왔다  모든 믿는 자 들 온다 왜 예수님 믿는 일반 성도 자신 들 안 온다고 생각 하나  예수님 누구 예수님 아닌 그 이름 부르고 믿고 시인 하는자 들에게 다 오신다  사람 믿지 예수님 믿어라 말세 예수님 다른 사람 대신 오지 않고 직접 구름 타고 오신다 하나님 볼수 없으나  예수님 인간 누구 볼수 있는 신  목사 신 믿지 교황 신 믿지 오로지 예수님 입 시인 믿으면 된다	FALSE
종교 자체 사기	FALSE
신천지 순 기능 도 있다  빤 쓰 목사 들 비롯 타락한 목사 들 과 교회 부수 역할 하고 있다	FALSE
성경 이용 해서 사이비 개독교 가장 많은 대한민국 토속신앙 미신 개인숭배 온갖 짭 뽕 된 교리 가 우리 주변 널리 널린듯 학력 지위 고하 없이 빠져드는게 인간 그래서 세계 어디 서나 사이비종교 가장 최고 비지니스 종교 자유 언론 자유 란 허울 속 스스로 미치지 않아야 하는 현대인 들 정신차리자	FALSE
더러운 입 하나님 운운하지마라 신천지 잡것 들 사람 들 꼬실 갤 이상 신천지 숨기 친한척 공감 하는 척 넘어가지마라 세계 평화 지네 뭔 데	FALSE
정신병 자 집단 ㅋㅋㅋ  실제 주위 한 명 있었는데  쌍욕 저 xx 신천지 다닌다 믿는다  꽥 꽤 소리 지르고 소 문 내  학교 그만둠 ㅋㅋㅋㅋㅋㅋㅋㅋ  신천지 끊고 말 ㅋㅋㅋ  실컷 공부 해서 학교 들어온거 학교 그만둠 ㅋㅋㅋㅋㅋㅋㅋ  잘 지내내  정재 x 띠 바롬	FALSE
최 순 실 아버지 사이비 교주 최태민 그랬지 박근혜 영적 맺은 배우자 소름  구 원교 영 세 교 신천지 같은 맥락 사이비 들 실체 없어도 이상 해보이는데	FALSE
신천지 전광훈 황 교활 은 쓰레기 소 각 일	FALSE
난리 났네 ㅎㅎ  그래도 공지 사항 통해 이런 기사 문 자못 보게 차단 하는 거짓말 집단 극 내부 단속 ㅎ  신천지 절대 신천지 말 하지 않고 위장 거짓 접근 세뇌 시키는 작업 합니다  신천지 맹도들 연기대상 후 보감  링크 꼭 눌러 보세요  https://m.blog.naver.com/ehddms7890/221448863033	FALSE
개독 사이비	FALSE
기독교도 사기꾼 집단  빤스벗어봐  미치 갱 이 성도착 증 내란 선동 역적 놈 새끼  목사 따르는 미치 갱 이 신도 들  기독교 역시 사이비 집단	FALSE
노컷 cbs 예전 한기총 시 바리 하다가 전광 땡 목사 미쳐 날뛰니까 우리 거기 관계 없다  시간 답 같다  예전 기독교 이렇게 바닥 이진 않았는데	FALSE
신천지 따라 갔다가 재산 내주고 이혼  젊은 애 들 ㅉㅉㅉ	FALSE
주체 적 살아라  남 말 신의 뜻 맹목 적 따르지  믿음 사회 질서 안 있어야하고 타인 배척 해하 길은 가지 말 야한다  신앙 게 더불어 잘 살자 아닌가 현세 선하게 살자 아닌가  왜 남 괴롭히고 인간관계 드럽게 만들면서 믿음 운운하는건데	FALSE
울산 신천지 사이 비교 당 허가 해준 공무원 책임 좀져라	FALSE
가정 파괴 자 미치광이	FALSE
신천지 돈 똥꼬 빨 먹는단다 종교 자유 개 조 까 튼 소리 하 교회 다 사기꾼 집단	FALSE
신천지 다니는 사람 들 지 들 이단 다 알면서도 다님 그냥 사업 생각 하는듯	FALSE
이런 것 계기 신천지 막멸 하자 저런 사이비종교	FALSE
거짓말 밥 먹듯 하는 신천지	FALSE
신천지 빠지는것 들이 더 이상해  이만 희를 믿고 따르는 ㅂ 신들	FALSE
개신교 들 지 들 끼리 봐도 서로 하도 괴상하니 서로 이단 하지만 밖 보 믄 다 같아 보여 한기총 총수	FALSE
김남희 폭로 앞서 석 고 대죄 하여야 한다 이상 호위 호식 하면서 이만 희에게 큰소리 치면 부귀 영화 누렸고 진짜 폭로 사유 뭔 모르지만 재산 상 문제 등 그간 포섭 된 대학생 등 많은 젊은이 들 어떻게 할 건가 김남희 당신 모든 재산 이단 방지 쓰고 죽 때 신천지 사이비 대하 밝혀야 한다 당신 폭로 왜 이리 늦게 했는지 당신 빰 후려 갈기 싶다	FALSE
한국 기독교 자체 문제 있는거 같다 차라리 믿으려면 카톨릭 믿어라	FALSE
최근 이지영 씨 스타 강사  천 효교 포교 논란 기사 떳길 신천지 다니는 친구 웬 명문 대 출신 선생님 그것 윤리학 공부 하던 사람 교주 되었을까 하니 교주 사람 할수 없는건데 함  신천지 이만 희 씨 절대 사람 아니고 예수 재림 신격화 ㆍ 영생 굳건 히 믿고있음 어떻게 하면 본인 말 모순 모를 만큼 세뇌 되어지는 겁	FALSE
왜냐면 신천지 어마어마하게 돈 되는 놀이터 거든 연 의 절기 헌금 비롯 매주 주정 헌금 감사 헌금 선교 헌금 건축 헌금 자장 부청 다달이 이만원 넘는 부서 회비 강제 걷어가고 저기 구역 회비 세금 징수 해감 십 일 조안 하 구역 장이 연락 함 빨리 내 ㅋㅋㅋ 기 성교회 안 하는 양 아치 짓거리 하면서 참 하나님 참 종교 부르짖는 썩은 집단	FALSE
김남희 나와서 만든 것 새 천지 그것 신천지 교주 들 포섭 해 끌어 모으고 있다  그래서 신천지 내부 새 천지 가는 인원 없도록 특별히 감시 하 지령 떨어졌고  늙은이 것 서지 않으니 여자 바람나서 나간 것  어마어마한 신천지 재산 탐이 나 것  그런데 어쩌나  신천지 지 파 지 파장 들 이만 희는 이 긴자 아니라고 자기 들 진짜 이 긴자 독립 할 테세 들  신천지 개 개개 아니 그 이상 쪼개지는거냐	FALSE
신천지 대학가 아주 심각한 문제 들 만들고 있는데 이제 정부 조사 해야 한다	FALSE
진짜 신천지 있는 ♬♩ 들은 상종 말아야 된다 세뇌 너무 깊어서 아예 말이안 통한 다 그리고 나오려고하면 진짜 목숨 걸어 야한다 주변 실제 봤다	FALSE
한기총 회장 전광 팔이 신천지 그 놈 아하 자유 한국 당 대표 황 교활 이 것 들 세상 어럽히 대표 적 악질 기생충 새 기 들 아닌가	FALSE
정신차리고 저 들 사회 나오게 해야 된다	FALSE
교회 안 간다 돈 모르는 사기꾼 집단 이 더 구 신천지 이름 사이비 냄새 나네 그 나물 저 나물 다 똑같은 것 들 얘기	FALSE
신천지 사이비 아니가	FALSE
댓글 신천지 분자 들 출동 했노 ㅋㅋㅋ 부들부들 개잼	FALSE
신천지 한자어  새누리 우리말  새누리당 최 순 실 당 황교안 당	FALSE
종교 자체 사이비 망상 그냥 맘 평화 느끼는 기도 정도 해 과 하면 전부 중독 말종 돼서 집 구석 망친다	FALSE
세뇌 것 무서운것이다  사람 정말 약 하디 약한 존재 임 틀림없나 봐요	FALSE
우리 어린이집 신천지 애 들 바글바글  학부모 들 정신병 자 같음	FALSE
여기 댓글 다는 신천지 신도 들 정신 차리세요 언제 허송 세월 보낼 겁 탈퇴 기독교 가라 말 아니니까 지금 탈퇴 하시고 인생 찾으세요 진심 하는 말 입니다	FALSE
신천지 빠지는 가장 중요한 것 자존감 부족한 사람 들 대부 붐 가정 사회 대한 적 대감 가지 있거나 소외 된 사람 들 탈출 구 로써 신천지 찾는것이다	FALSE
인간 신  ㅋㅋㅋㅋㅋㅋ 믿는 애 들 참 정신 나갔지 ㅋㅋ	FALSE
서울 중요 거리 사이비 들 넘쳐 난다 아무리 종교 자유 라지 사이비 법 처벌 해야지 사이비 매일 광화문 나라 구한 다 고 떠드니	FALSE
신천지 새누리 근혜 순 실 다 계획 있었구나	FALSE
신천지 대구 양산 열 ㅠ 많던데	FALSE
사기꾼 아주 야비하게	FALSE
신천지 교리 예수님 영 이만 희에게 재림 하여 그 통해 다스린다는 것 그렇다면 이만 희는 이 땅 절대 죽어선 안되잖아 만약 이만 희가 죽는다면 예수님 어디 재림 하신 건가 설마 저 여자 온다고 교리 수정 하려나 일단 죽으면 거짓 탄로 나게 되지 이만 희 나이 세였던가 기다려 보면 알겠지	FALSE
예수 팔이 사기꾼 들  종교 빠지지 맙시  목사 놈 들 중놈 들 모두 사기꾼 놈 들	FALSE
세뇌 무서운거다  모든 종교 경계 하는것이 매주 한번 씩 세뇌 할수 없는것이다  그래서 한주 빠지면 난리 난다	FALSE
정신 적 문제 있는자 들이 병원 대신  선택 한 곳 종교 집단	FALSE
신천지 정말 조심합시다 사이비	FALSE
푯말 보자마자 소름 아우 징그러	FALSE
신천지 기독교 그게 그거	FALSE
개독 신천지 ᆢ 그게 그거	FALSE
종교 인민 아편	FALSE
신천지 한기총	FALSE
신천지 새누리 한나라 대한민국 기독교 다 썩는건 매 한가지	FALSE
이단 따로 어딧내  지 덜 끼리 서로 이단 삿대질	FALSE
김남희 구속 답  빨리 지옥 처 넣어라  ♬♩ ㅉ ㅉ	FALSE
요즘 알바 면접 유인 하더라고요  성격 검사 같은거 절대 응 하지 마세요	FALSE
종교 것 다 마찬가지 임  있지도 않은 신 운운하면서 뭐 추구 하는가  그래서 종교 아편 신천지 다른 종교 다 거기 거기	FALSE
신천지 개독 먹 사랑 뭔 차이	FALSE
신천지 ㅋㅋㅋ  개독  카톨릭  이슬람  다신교 들 등등 모든 신 따위 언급 하는 종교 들 사이비  조금 생각 해 보면 다 주장 뿐  기만 편향 만들고 사유 노예 만들지  아인슈타인 만년 회상 종교 과학 편 보면  유일하게 미래 종교 언급 되는 종교 조건 들 부합 하는 종교 있지  인류 아직도 신 믿는 건 인류 수치  인간 개인 인생 낭비	FALSE
저딴 종교 들 문제 크지만 저기 빠지는 인간 들 문제 크다 제발 좀 정신차려라	FALSE
신천지 잡것 들 ㅎㅎㅎ  인생 불쌍타	FALSE
신 신 내린 천 천치 바보 들  지 지 들 끼리 난리치다  집 구석 말아먹고 인생 종	FALSE
한번 사기꾼 영원한 사기꾼  아예 종교 믿지마라  그 래야 안속 는다	FALSE
순진하긴 신천지 탈출 시킨 신도 들 모아서 새로운 신천지 만 드려는 수작	FALSE
저런 사이비 믿고 따르는 인간 들 뇌 궁금하다	FALSE
신천지 통일교 양 귀 야훼 비롯 돼는 모든 종교 샤머 양 무당 봐도 된다	FALSE
사이비종교	FALSE
미친것 들 전광훈 뭐 달라	FALSE
너 걔 이단 신천지 ㆍ  이단 어디가  어디서 밥그릇 쌈질  다 흩어져  사회 좀 먹는것 들	FALSE
종겨 없는 세상 진짜 천국	FALSE
ㅁㅣ 틴 연 놈 들 일세	FALSE
요즘 저런 기사 쏠리는 사람 들 있다는게 신기하네 ㅋㅋ  딱 봐도 말장난 치는게 보이는데	FALSE
우리 가정 해체 시킨 하 ㄴ 님교회	FALSE
신천지 뿐 아니라 현 기독교 이미 사이비 가 되었다 나 기독교 가 곧 종말 고 할 날 머 않았다고 본다 기독교 그 쓰임을 이제 다 했다 생명 없다	FALSE
신천지 사람 들 거리 나와서 전단지 배포 하면서 사람 들 유혹 하던데 신천지 사람 들 북한  월북 시켜서 김정은 위원장 충성 시키게 만들고 또한 정치범 수 용소 수용 시켜 야함	FALSE
철저히 수사 전광훈 허경영 이  조 사하라  이단 들 구속 하	FALSE
나 이 기사 보고  문 재앙 광신도 대 깨문 들 모습 생각나는거야	FALSE
기사 허위 사실 유포 고소 당하고싶은 건가 ㅋ	FALSE
신천지 제 일 먼저 없애고 그다음 개독교 없애야 한다	FALSE
신천지 개독 한심한것 들 ㅉㅉㅉㅉㅉ	FALSE
대형 교회 신 처럼 받 들어지는 목사 들 세습 목사 들 다 교주 다를 바 없음 교인 들 정신차려 야함	FALSE
교회 자체 사이비 다 그러니 절대로 현혹 되지마라	FALSE
모든 종교 모두 사기	FALSE
신천지 기독교 모두 신자 들 사기 쳐서 삥 뜯어 먹고 사는건 똑 같은데	FALSE
개독교 개빤스 개목 하나님 지 한 테 까불면 맞아 죽다 카는데도 아 맨 하고 박수 치는 🐕 들이있다    사이비 들	FALSE
신천지 이단 들 제발 박멸 되길	FALSE
아담 을 살다가 변질 돼서 배도하고 마귀 좋아가 죽었다 계시록 예수님 이 천년 전 사도 요한 약속 하시고 이 제때 되어서 영 오셔서 약 속 한 목자 오셔서 이루시는 예수님 나라 신천지 신씨 김남희 변질 되어 마귀 따라간 변질 자 들	FALSE
빤스 목사 교회 피장파장 오십보백보 아닌가 제삼자 입장 적어도 그렇다  사이비 따로 있는게 아니다	FALSE
믿는 사람 들 정신차리시길	FALSE
그 곳 가는 사람 들 이해 안 간다  제 정신	FALSE
신천지 지옥 겠지	FALSE
김남희 사기 나갔잖어  소나타 끌 온 얼마나 해 먹었으면  나갈 때 벤츠 끌 나갔겠냐  다른 종교 다 돌아다니며 사기 쳤다 하드  사기꾼 저 여자	FALSE
종교 사기치는건 다 사형 시켜라	FALSE
한기총 신천지 이재록 전광훈 다그 나물 그 밥 들	FALSE
저런 사이비종교 젊은이 들 많은데  슬픈 일이	FALSE
전국 적 봉사 단체 천사 단체  자원봉사 환경 이웃 방문 얼굴 감추고  상당히 깊게 뿌리 내리고 있다	FALSE
신천지 한기총 다 똑같다 똑같아  영혼 바쳐서 믿는 사람 들  이성 갖는 사람 할수있나  침팬지 진화 됐다는 게 맞는 말	FALSE
ai 지능 시대 살아가는데 신천지 데 왜 이렇게 원시 적임 신도 어마어마하다는게 더 아이러니 하다 도데 체 먼일	FALSE
사이비 맞습니다  사이비 조직 적 간악 계획 사기  절대 빠지지 마세요  절대  아예  한마디 듣지 마세요  한마디 할 여지 주지 무시 그 자리  떠나세요  가 저 이 파괴 되고 개인 삶 파괴 되고  배우자 자녀 들 관계도 깨지며  경제 적 형편 급속히 어려워지며  돌변 모습 보게 될 겁니다	FALSE
CBS 는 정신차려라 이 여자 대 사기꾼 징역형 인걸 아는데	FALSE
종교 공 공법 만들어라 국회의원 놈 들	FALSE
신천지 한번 경험 하지 못 나라 죄 의 나라 으 니 죄 가 손잡고 가는나라	FALSE
이만 희 후계 자 있을 수 있나  이만 희가 이 긴자 죽지 않는다는데  죽으면 가짜 탄로 는건데  내 친구 신천지 들어가더니 에 통일 된다고 그랬다던데 통일 안되서 나오거든 전화하라고 하고 손절 했음	FALSE
이 것 들 미쳐가기 시작 하네 지가 신	FALSE
이만 희가  영생 한다고 믿는  신천지 교  정신차리세요  모든 생명 유한 한 것  이만 희도 마찬가지	FALSE
문 재앙 이 그 추종자 들 같다	FALSE
응 역시 개천	FALSE
역시 스케일 남다르네 교회 하던 산 옮기 기를 신천지 역시  언제 속 있을까 불쌍한 신천지교	TRUE
기독교 교회 사이비 신천지 신흥 사이비 특히 신천지 다니는 사람 직업 포기 인간관계 포기 요한 계시록 풀이 한다면서 말 한 사람 포교 할려고 오 민짓 다 함	FALSE
신천지 무서워요 나라 어수선하니 기레기 당 한국 당 소속 사람 많이 있을 것	FALSE
삼신할매 믿는게 훨씬 좋다  그 어떤 종교  마음 위로 더 많이 된다  시간 소비 하지 않는다  헌금 안 낸다  누구 간섭 지시 받지 않아도 된다  소원 빌면 그 소원 반드시 이루어진다  삼신할매 믿는 방법  아침 기상 즉시 대문 출입구 쪽 찬물 한 컵 떠놓고서  두 손 모아서 자신 소원 정성껏 빌면 된다	FALSE
빤스목사 믿은데	FALSE
종교 빙자 개인 숭배 집단	FALSE
신천지 새누리당	FALSE
태극기 모 독단 자발 적 노예                      강제 적 노예                      얼떨결 합류 노예                      노예상인 속 는줄도 모르는 ♪♪ 노예 들	FALSE
뭐 신천지 통일교 하느님 교회 그리고 기독교  다 거기 거기 아닌가	FALSE
신천지 속지 하루 빨리 나와라	FALSE
제발 국가 나서서 저런 사이비종교 해산 시키고 교인 들 가족 돌려 보내라 저런 종교 빠진 사람 들보 세상 미쳐 돌아간것 같다	FALSE
남북한 통틀어 사이 비교 쇄뇌 되어있는 한민족  김일성 교 문재인 주사파 교 난무 하는 사이 비교 들  이 것 역시 민족성	FALSE
사교 집단 하나님 있다면 얘 들 생쑈한다 글겟다 ㅊㅊ 스티븐 홉킹 수 십년 간 고민 끝 신은 없다라 햇 는데 참 인간 들 요 상한 동물 같네	FALSE
옴 진리 교 교주 공중부양 한 답시고 엉덩이 들썩들썩 한 사진 보고 믿습니다 외친 사람 있고 다수 피식 웃었지 우리 비슷해 목사 승천 한다며 합성사진 붙여놓은 이상한 교회 있었다 저런 이상한 곳 넘어가는 사람 들 자아 약한 사람 들 약 한 사발 먹은 상태 정신 차리라고 해도 안 들어 재산 잃고 몸 잃고 그러다 한참 뒤 정신 차리는 거지	FALSE
신천지 새누리 요  전광훈 이 자유 한국 당	FALSE
그러니까 내 뭐랬어   하나님 수십 명도 더 된다고 그랬지  전광훈 하나님 이만 희의 하나님 오정식 하나님 김용민 하나님 조용기 하나님 등  아 김동길 하나님 또 다른 하나님  모두 다른 하나님 이 걸 어쩌나 ㅉㅉㅉㅉ 어떤 하나님 골라 믿어야 하나	FALSE
빤스목사  전광훈 이  더러운 색 히	FALSE
성경 위 교주 있다는데 더 이상 할 말 없지 신천지 새누리 를 무조건 종교 맹신 하는 사람 들 하루빨리 악의 소굴 벗어나길 온 국민 들 바란다	FALSE
그래도 신천지 하나님 지 발밑 생각 하는 전광훈 비판 하던데	FALSE
종교 적 내분 자신 들 유리하게 이용 해 먹을려는 수작 아닌지 한국 종교 자유 있는 나라 사이비종교 경찰 검찰 엄중하게 단속 있다 김남희 인자 이런 선언 했다면 거기 뭔가 뜻 있을 수도 있다	FALSE
아베 한국 당 하고 똑 같은것 들	FALSE
사이비 신천지 가정 파탄 전문 사이비종교	FALSE
지 랄 염 병들하네 ㅋ  저걸 믿는 븅 신들 뭐  상븅 신 개 병 신들	FALSE
새누리당 명 바꾼 후  급성 장 간 신천지 새누리  그럼에도 교회 목사 들 성도 들 새누리 지지  하나님 까불면 죽인다 는 목사 지지 하는 성도 들 무엇 다르냐	FALSE
한국 종교 무두 다 썩었다 속세 떠난 중 들 정치 를 재산 탐 해서 폭력 난무 교회 란 교회 신자 들 재산 빼앗아내기에 여념 없고 재산 축적 하면서 세금 안내 거기 정치 지 들이 다 어디 하나 썩지 않은것이 없다 꼭 무당 들 같아 국회의원 들 개판 그럴 만하	FALSE
개똥 대가리 같은 어설픈 교리 돈 이건 뭐건 갖다 바치는  무지한 군상 들 이런거 하지 맙시	FALSE
신천지 두 파로 나뉘겠네  사이비 둘 싸우다가 같이 몰락하면 딱 좋겠다	FALSE
이만 희나 전광훈 뭐 다른	TRUE
이참 신천지 정체 밝혀지고  이 땅 뿌리 뽑혔으면 좋겠네요	FALSE
베필 아니라  배필  ㅋㅋ  전광훈 따라다니니 제대로 아는게 없네 ㅠㅠ	FALSE
얘 들 빤스목사 똑같은 놈 들  빤스 목사 추종 하는 놈 들 똑 같다	FALSE
개신교 자체 허망 종교 임	FALSE
어리석은 신천지 ㅡ 신도 들 종교 사람 만든거지 신 아니며 본래 신 이름 인간 지  어낸거 신은 우주 칭하 겁니다  이단 속지 들 마세요  답글 작성	FALSE
저런 년놈 들 믿고 따르는 인간 들 말로 인간 쓰레기 수준 임	FALSE
종교 미치지 마라 다 거짓 일 뿐 그저 커뮤니티 그 정도 로만 활용 해라	FALSE
https://nocutnews.co.kr/news/4735554  노컷뉴스 신천지 이만 희 교주 새누리당 당 명 내 지어 줬다고 자랑 했다는 내용 나옵니다	FALSE
이세 상 모든 종교 사이비  신의 실체 본 사람 있나 있으면 그 신  방송 한번 나오라 고해	FALSE
신천지 모르고 다녔냐 봐 보	FALSE
폭로 뭔 지 안 나오네  기레기 쓴거군 휴	FALSE
신천지 자금 정치권 연결 되었는지 조사해 야한다	FALSE
신천지 전광훈 기독교 개신교	FALSE
사이비 사기꾼 범죄자	FALSE
신천지 빤스교 새누리 최 순 실 황부랄 대단하다	FALSE
종교 자유도 있겠지만 제발 가려서 나가라  신앙촌 문선명 신찬 지나 잠 아닌건 아니라고 해야지	FALSE
지능 순이 종교	TRUE
신천지 댓글 부대 있다는거 아는지 들 실제 어디 댓글달라 게시 글 몇개 쓰라 부녀자 들 그런 지령 있었음 지금 모르지만 ㅋ 이글 딱히 없는게 cbs 라서	FALSE
종교 머꼬  신 이란 말로 대중 현혹 시켜 돈벌이 하는 세금 안내 알찬 사업  종교 미치는 인간 들 참 불쌍타	FALSE
신천지 새누리	FALSE
신천지 한기총 허경영 자 한당  요것 들 공통점  전부 사이비	FALSE
씨비 에스 다른건 좋게 봤지만 어떤 종교 흘 이단 말 하면서 배척 하는건 여느 개독 똑같네 지 들 끼리 서로 이단 하는 웃긴 짜장 들 루터 이단 였다 갈릴레오 이단 이었다	FALSE
대단한 유일 주체사상 개일 성 집단 뭐 틀리냐 전 간나 들	FALSE
신천지 이 땅 없어 저 야하는게 정답 이만 희는 구 속수 사해야 된다 지가 무슨 구원 자고 보혜사 모든 거짓말 정신 나간 신천지 신도 들 문제	FALSE
이만 희가 짜 유 한국 당 이만 희 맞나	FALSE
사이비 빠지면 고칠 약 없다  특희 여자 들 교주 성관계 후 재산 몰수 당한다  찬송가 부르고 박수 그 이면 모두 사이비 정신 나간 인간 들 잔치 나 한까	FALSE
이단 속 지 말 자	FALSE
아직도 이런 사이비 종교 믿는 사람 들 있다는 것 신기함	FALSE
그 여자 자기 교주 할려고 머리 쓰는거 같네  그 여 이마 니나 싸가지 없는 놈 들 저 들  지구 상 앖어져 할 자 들	FALSE
신천지 한국 교회 다를 바 없나니  탈출 사는 길이	FALSE
저런 곳 빠지는 것 들 다 또 라이	FALSE
사진 보니 꼭 빨갱이 왕국 보는것 같네	FALSE
♪♩ 노미 문선명 부러워 그 사이비 개독교 사회 혼란 만들구나	FALSE
신앙 앞세워 기득권 앞세우면 사이비 되는거야 하나님 앞세워 정치 판 돌아다니고 있으니 사이비	FALSE
ㅡ ㅡ 왕관 환장하네	FALSE
이해 않가는 단어 이단 모든 종교 사기 뭐 그 중 이단 다 사기 임 인류 기만 하는	FALSE
정신병 자 집단 ㆍㆍ	FALSE
김남희 빌려 갔다던데  저 여자도 보통 여자 아님	FALSE
신천지 순우리말 문빠	FALSE
청동기시대 사막 유목 부족 부족 신  조선 땅 와서 그 폐해  얼빠진 조선 인간 들 개인 출세 영 달 위 해서는  신앙 쯤 쉽게 바꾸지 대한민국 기독교 국가  되었는데 왜 삶 수준 개판 겨	FALSE
인간 정신 한 없이 강 약하구나  사이비 종교 통 해서라도 위안 얻고 싶은 힘겨운 사람 들 더 아픈 경험 쌓을 거 같아 안타깝다	FALSE
올바른 철학 얼마나 중요한지 신천지 빠지니 가정 뒷전 가정부 부화 목도 뒷전 이혼  자식 들 잘 다니던 명문 대 때려 치우고 무슨 합숙 단체 정신 교육 받는지 부모 자식 간 인연 끓고 살더라 그게 무슨 종교 가정 화목 당신 들 교리 사상 우선 이 데 죽어서 천당 가면  뭐 하냐 현재 삶 개판 현실 적 못 한 사상 철학 당장 벗어나길	FALSE
자 한당 같은 새기 들	FALSE
고양시 화정역 ㅇㅇ 빌딩 젊은 대학생 들 우르르 쏟아져 나온다 불쌍한 애 들	FALSE
세상 모든 종교 사이비 이단 출발 했다  순 복음 교단 조용기 신앙촌 박태선 통일교 문선명 다 모두 사이비 이단 소리 듣던 교단  특히 기독교 프로테스탄트 자체 유럽 처음 사이비 이단 이었다  카톨릭 어떤가  유태교 신자 들 카톨릭 사이비 이단 이었다  당시 로마 황제 의해 정치 적 목적 국교 받아들여지며 사이비 이단 소리 들어간것 일 뿐 ‥  이슬람교 안 그런가  유태교 원리 주의 구약성경 코란 살짝 내용 바꾼 마호메트 처음 사이비 이단 이었다  불교 안 그런가  마찬가지	FALSE
혼자 정신병 자 ㆍ  단쳬 종교 집단 ㆍ	FALSE
신천지 종교 아니다 사이비 이름 붙 여서 종교 하면 안된다 신천지 이만 희가 종교 안철수 당 종교 되는것이다 친박연대 종교 되는것이고 이만 희가 예수 난 하나님	FALSE
신천지 신도 자 한당 토착 왜구 신도 들 같은 점 무조건 맹목 적 추종 한 다임	FALSE
인간 나약하고 순진하면 종교 잘 빠짐  종교 마음 다스리는데  그 이상 그 이하 아님  그려서 나 불교 나음	FALSE
신은 인간 망상 속 신  자신 신 허는 사람  필시 과대망상 빠졌을 것	FALSE
천국 마치 어부 물고기 잡아 좋은 것 취하 나머진 버린다고 했다  교회 좀 다녔다는 인간 들  이 뜻좀 읊어봐  벙어리 바리새인 있지말고	FALSE
천지 종교 아닌 총 교의 탈 쓴 사기꾼 집단 모임	FALSE
짜가가 판친다 짜가가 판친다	FALSE
신천지 개독 더 문제 아니냐  무슨 유일신 GR 자빠진 집단 들	FALSE
이런 사이비 색 고사 포로 못 쏘아 쥭 이나 최소한 법정 세워야 되는거 어닌가 이런 마틴 넘 들이 들끓 개 만드는게 한귝 성폭력 국가 만드는데 국가 남 집 불 구경 하나요 ㄱ ㅐ 열 받네요 이 교주 길거리 눈 띄면 싸 커 킥 좋나게 날리고 싶네요 아 열 받어 이런 사 뢰악 들 좀 정리 해주세요 뮨 대통령 님	FALSE
새누리 어원 신천지  신천지 당 맹글어 그 기 새누리당  새누리당  인류 역사상 이런 당 명 없었다  근데 토착 왜구 새누리 당원 들 반대 없이 일본말 욧시 하모  새누리당 맹글 나라 일제 종속국 만들어  이제 돌이킬수 없다는 명칭 써서 일제 수치 종군위안부 강제 노역 노코멘트 맹글었다  그런다고 역사 팩트 바뀌지 않는다  일제 마지막 총독 아베 손자 일본 총리와  일본군 중위 박정히 딸 칠 푼 이  이 팩트 자기 들 모르 쇠 하면 될 줄 안기라 역사 국가 그렇게 단순한 기 아니다	FALSE
저 것 들 권력 다툼 ㆍㆍㆍ	FALSE
저런 사이비 들 대가리 확 쳐내는 방법 없나 인간 양심 없어 순진한 사람 들 바보 만들어 이용 저걸 믿는 바보 들 뭐 정말 정상 적 한국 교육 받은 사람 저걸 믿다니 미개해	FALSE
신천지 개독 ㅎㅎ  사실 개독 더 무섭 ㅎㅎ	FALSE
한기총 소속 사이비 방송국  씨비 에스  니 들 진정한 사이비  어디서 구라 질	FALSE
신천지 ㅡ 새누리당 ㅡ 한국 당 쓰레기 집단  똑같은 집단	FALSE
신천지 새누리 교 총리 한 종자 있다	FALSE
사이비 종교 믿는 인간 들 당 최 이해 안 간다 뇌구조 해부 해 보고 싶다 뭐 하는 짓 걸이 들 참나 정신차려라 몸 버려 재산 버려 휴 불상 중생 들	FALSE
폭로 개쁠  세력 다툼  고 노미 고 녀 니나  다 같은 수레기	FALSE
태극기 집회 사이비 들 출동 한 다지 통일교 문 양 봤냐 욱일기 떡하니 박아놨다	FALSE
저런 곳 다니는 인간 들 정신 나간거지요  정신과 적 치료 필요한 불쌍한 것 들이지요	FALSE
요즘 신천지 전광훈 이끄는 개독 매 한가지 같은데	FALSE
역시 나도 한 다녔다가 아니다 싶어서 제 작년 나왔길래 망정  이번 신천지 뭐라고 성도 들 눈귀 가릴려나	FALSE
역시 나도 한 다녔다가 아니다 싶어서 제 작년 나왔길래 망정  이번 신천지 뭐라고 성도 들 눈귀 가릴려나	FALSE
나라 팔 먹어도 자 한당 지 지 한다는 부류  태극기 집회 나가는 부류  턱 없는 황당한 말로 꼬드겨 사기 당하는 부류  개독교 사 이바 종교 교주 절 대시 하 부류  다 들 지적 능력 사고방식 비슷	FALSE
사이비 숫자 많아지면 다 한 종파 종교 인정받습니다  그걸 뒤집어 생각 해 보면 신 것 인간 필요 의해서 만들었다는 데 귀결 됩니다  본래 인간 완벽한 존재 아니기에  하늘 우러렀  이건 모든 종족 인종 나타나는 자연스런 현 상이  그런데 사이비 나타나기 시작 거  유대교도 그렇고  불교도 그렇고  마호메트 그렇고  지저스 그렇고  무당 그렇고  다 처음 하늘 기대어 사이비 출발 했죠  나중 세 불어나니  남 들 무시 못 할 종교 된 겁니다	FALSE
난 저런 사람 밀 믿는게 더 신기해요  정신 상태 어떻길래 미친 사람 말 믿다니    다 들 미친거 같 애 정신 세계 궁금해 이런 뇌응 연구 하지 않나  사이 비교 주 라지 평범한 사람	FALSE
정신 나간 여자 말 같은데	FALSE
세기 일 단 이 단 똑같은 정신 병자 들 전설 고향 설화집 구라 경 가지  하나 일단 예수 신 만들어 사기 이단 교주 신 만들어 사기	FALSE
한국 개독 실상 ᆢ  신이어디 있냐  예 수 팔 먹는  사기꾼 기독교 장사꾼	FALSE
하나님 저렇게 안 시킵니다	FALSE
신천지 하는게 중국공산당 쌍둥이 던데  그런데 cbs 도 요즘 지나칠 정도 좌파 적 바뀌었던데  지금 말 들어 보니 중국공산당 중국 기독교 무지하게 탄압 한다고 하던데  아무 말 안 친 중 노예 정권 문재인 정부 정책 겁나 빨던데  노컷뉴스 그거 cbs 거 맞잖아  cbs  정신차리자	FALSE
이단 실체 제대로 드러나길	FALSE
신천지 순 시리 연관 되 곳 아닌가	FALSE
저 거 하는 짓거리 딱 김정은 추앙 하는 북한 주민 들	FALSE
이만 희의 신천지 전광훈 한기총 도 찐 개 찐	FALSE
신천지 는 물론  예수 자체 허구	FALSE
그러니까 교주 사망 지금  무주 공산 주인 없는 호구 교인 색 히 들을 누가  차지 하냐 이 주도 권 누가 잡느냐 이 거  이 종교  돈 넣고 돈 먹기 길거리 야바위 판이 쯧쯧  내 교회 다니는 것 들 나이 불문 하찮게 보는 이유	FALSE
한국 교회 교회	TRUE
말세 많은 사이비 이단 교주 들 믿는자 마 져도 유혹 한다고 성경 벌써 예언 되어있다 사이비 이단 빠지면 약도 없다 정신 똑바로 차려	FALSE
저런 것 들 신봉 하는 종자 들 또 모나 구  딱 봐도 이 단 냄새 풀풀 나 구마	FALSE
덜 떨어진 건지 바보 아닌 이상 저런 걸 왜 믿는 건지 내 머리 이해 불가 ㅉㅉㅉ	FALSE
하나님의교회 장길자 안 죽나	FALSE
제발 이번 기회 제자리 돌아 왔으면 좋겠습니다	TRUE
곧 끝나겠네 신천지	FALSE
둘 이권 다툼 중 그려 죽 때 계속 그러구 살 봐라 쯧쯧 쯧 한심한 인간 들	FALSE
신은 죽었다 니체  니체 너 말년 정신병 죽었다 신	FALSE
왜 저런 걸 그냥 보고 있는 거지	FALSE
신천지 빠지는게 이해 안된다고 하는 분들  그건 정상인 그렇고요 정신 적 힘든 사람 누군가 구원 해준다고 하는 한마디 의심 못 해보고 넘어가게 됩니다 세상 자신 얼마나 관심 없는지 들 아실테지만 그 사람 들 뭐 때문 힘들어서 신천지 의지 하게 된 건지 알 수 없는한 세상 사이비 없어지지 않을 겁니다	FALSE
신천지 새누리 토착 왜구 당 차 떼기당 기독교 당  제사 지내기 싫어서 기독교 믿는 사람 너무 많다	FALSE
지 들 교주 영생 불사 한다는 동화 같은 얘기 믿는 사람 들 신천지 바보 들 그러면 니 들 교주 왜 매일 늙어가냐 그리고 당신 들 ᆢ 이성 상실 집단	FALSE
사이비 뿌리 째 뽑힐지어다	FALSE
왜 사람 들 자기 잘못 뒤집어 씌우려고 혈 안일 까요 ㅠㅠ 참 못 됐다	FALSE
신천지 개독 통일교 공통점 신도 들 모아 등 빨대 꼽 돈 빨 쳐 먹는건 다 똑같지	FALSE
평지 행복 씨 몰라도 한참 모르는게 있군요 예수 낀다고 종교 아닙니다 사이비 이단 ㅜㅜㅜㅜ 삼위일체 성부 성자 성령 성령 이만 희가 성령 하니 문 제지 이단 고요 ㅜㅜ ㅜㅜ	FALSE
소사역 시장 골목 들어가면 교회 간판 걸어놓고 절때 신천지 안 밝힘  의사 사람 강사 세워놓고 똥 얘기  시작 해서 반설교 글 성경공부  하자 꿰어 신천지 발 들여놓게 함	FALSE
축약 정리 하  바람 폈다는거다	FALSE
신천지  정말 무서운 종교 입니다	FALSE
이 한국 왜 이런 종 교 미친 병 쉰 들만 많냐 미개하다 단어 달리 표현 할 말 없다 저능 들아 신은 믿더라도 사람 신 숭상 하지 마라	FALSE
완전 쓰레기 사이비 광신 집단 어리석고 나약한 사람 홀려 그 영혼 볼모 재산 노동 력 착취 하는 쓰레기 중 쓰레기 집단 자유 민주주의 덕 저런 사악한 집단 활개 칠 수 있는 것 다 잡아다 종신형 처 해야 한다	FALSE
무서운 것 이 들 IS 같은 일 저지르지나 않을까 하는 거	FALSE
전광훈 목사 보이냐	TRUE
한기총 파 봐라	FALSE
한국 기독교 총 연합 화 신천지 종교 답 좀 아름다워지길  신천지 봉사 많이 다니며 환심 산 탓 봉사 받는 곳 대환영	FALSE
이러고도 다니는 사람 들 보면 뇌 궁금해진다 안타깝다	FALSE
왜 겠어 이만 희 죽고 나면 서로 후계 자 될려고 다 들 대가리 굴리 는거지	FALSE
그냥 둘다 언능 죽어라 늙어 빠진 싸이코 할배 할 매가 불쌍한 젊은이 들 꼬셔 세상 참 더럽힌다 증말	FALSE
송주열 기자  전광훈 이 왜 그냥 두노  한기총 이단 아니니  대답 하라  송주열  한기총 이단 아닌지	FALSE
왜 저런 곳 빠져들까	FALSE
배필 베 필로 쓰니 기사 신뢰 도 확 떨어지네  한국 사회 해악 끼치는 것 봐 선 신천지 한기총 해체 급선무 듯	FALSE
신천지 믿는 여자 만나지마라 답 없다	FALSE
방송 CBS 네  지 들은 다르다고 하는데 보는 눈 따라서 똑같은 씨 C 방 B 새 S 들 방송	FALSE
신천지 무서운 이단 들 박 근해 대통령 을지 ㅡ 들이 만들었다고 떠들던 박 근해 유 새장 마다 버스 대절 해서 타고다니며 쪽 수채 우기 가히 장관 이었지 당선 되고나서 마포 거기 땅 다사 들 일기 새로 신천지 공화국 만들려다 실패 전국 적 신천지 예 베 당 드나드는 사람 들 특히 여자 들보 영혼 없이 웃고다니 ㅡㄴ 거 보면 소름 돋는다	FALSE
다단계  사이비종교  는 그렇게 뉴스 떠드는데도  없어지지 않는게 정 말 신기함  뇌 있는 건지 아님 끼리끼리 논다고  사기꾼 기질 있는것 들만 모이는 건지	FALSE
신은 없다  신은 나약한 인간 만들어 낸 허상 일 뿐  죽음 고통 비극 병마 공포 로부터 위로 받기 위해 잠깐 머리 속 진통제 위로 대 체제 정신 혼 미제 역할 하는게 신  인간 만들어 낸 신화 속 주인공 일 뿐  신 아무리 믿어도 고통 사라지지 않는다  신 믿는 사람 병마 고통 비극 죽음  안 일어나는가  잠시 명상 잊고 대치 시키는 것 일 뿐  의지 하는건 자유 절대 화 하지마라  인간 세상 절대 적 건 없다	FALSE
죄인 교주 감싸는 빨갱이 패 거들이나  사이비 이만 희를 신 여기는 정신 병자 들  다름이 무언 그것 알 싶다	FALSE
데체 어떤 인간 들 저런 종교 믿는지  믿는다는 것 ♬♪ 스럽네  지지리 못 났네 교주	FALSE
신천지 사이비 이단 대표	FALSE
이나라 개독교 이단 누가 누굴 지적 질 지가 하나님 이만 희나 하나님 지 한 테 죽는다는 빤 쓰랑 뭐 달라	FALSE
한국 일부 교회 신천지 다를 바 있나  전광훈 같은 인간 목사 자처 하는데 ㅉ	FALSE
신천지 얘 들 와서 피장파장 짓 하는데 신천지 사이비 맞긴 함 그리고 목사 하나 믿고 기 신교 믿는것 들도 벼 ㅇ 쉬 ㄴ 맞고	FALSE
김남희 전 세계 여성 평화 그룹 대표  “ 신천지 있는 그 영혼 들 제 앞 해야 될 사명 고요 저 예수님 오셨습니다 그래서 기적 베푸셨습니다 ” ㅋㅋㅋㅋㅋㅋㅋㅋㅋㅋㅋ 고스 란 히 지가 다 차지 하겠다는 거 돈 버러지	FALSE
이제 그만 회개 돌아오세요  당신 들 예전 있던 가정  제발 회개 하며 돌아가  용서 구 구원 얻으시길 바랍니다	FALSE
신천지 사이비 라면 모든 개신교 가톨릭 사이비 들 도 긴 개긴	FALSE
모든 종교 단체 돈	FALSE
하나님 믿으라 했지 목사 믿으라 안 했다	FALSE
두 사람 관계 이만 희 씨 부친 산소 가보면 알수있음  묘지 비석 세웠으며  조성자 이만 희 김남희 각인 되있음	FALSE
정신 병자 들	FALSE
다행  거짓 가짜 가면 벗겨지고  어리석고 불쌍한 이 들 탈출 하여  정상 적 생활 하기를 ‥	FALSE
팩트 하기엔 너무 한 쪽 의견 편파 적 보도 있네요 이단 전문가 사람 들 정확히 어떤 사람 들 지 출처 없고 한 쪽 인터뷰 그대로 싣어오는 보도 진실 공 방이 따져 보면 알겠지만 이런 기사 경 각심 가지 봐야 합니다 제일 위험한 언론보도 예	FALSE
개독 VS 신천지 ㅋㅋㅋ  여기 너무 웃긴 건  신천지 사이비  또 다른 사이비 개독 언론사 공개 했네 ㅋㅋㅋㅋ  똥 묻은 개 겨 묻은 개 나무란다더니 ㅋㅋㅋ	FALSE
독버섯 같은 개독 병  한번 걸리면 백신 없어  치료 불가  가족 들 조언  어림없어 큰일	FALSE
정신 차라 ㅡ 신천지 할매 할배 들	FALSE
들어 보니 양심선언 아니네  아직도 자기 들 사기 친거 반성 없어  버려진 영혼 구해 야한다 쓸데없는소 리나  난 니 영혼 더 걱정 된다	FALSE
안상홍 줔 아들 첩 권력 싸움 하 첩 하나님 등 극 하면서 어머니 하나님 떠 틀 다니듯이 이 것 들 권력 싸움 들어갔고 어머니 하나 듬 극 하려고 그러나 보네	FALSE
기자 라면 맞춤법 제대로 쓰세요  한두 개 틀렸어야 실수 생각 하지  기자 아무나 해도 되는 건가	FALSE
근데 이 단 전문가 들 신원 뭔가 정확히 무슨 일 하는 지 어디 소속 지 전혀 출처 없네요	FALSE
빤스 롤모델 이만 X  신천지 친일 자 한당 짜고서 이번 선거 자기 들 찍어 달라 개수 작 부리고 있다던대  교활 씨 진실 무엇	FALSE
우리 어머니 신천지 신도 내 보기 신천지 경전 같은 것 사용 하는 것 전혀 기독교 한 갈래 아닙니다 성경 나오는 시내 산이 시내 계자 쓰는 청계산 이만 희가 주장 한다는 데 그게 무슨 성경 믿는 사람 태도 입 성경 모독 하는 것 이름 신천지 짓는 것 보면 알 수 있죠 성경 기록 된 것 외 점 하나 지우지 더 찍지도 말 했는데 새 하늘 새 땅 말 나오니 신천 신지 줄 신천지 이 거 웃기는 거 어쨌든 믿는 것 자유 보기 웃긴다는 거	FALSE
제 박근혜 참 세상 개콘 자 한당 불법 분신 정당 만들고 있고	FALSE
마약 중독 같은 종교 들 특히 기독교 물의 많다 최근 빤스 목사 종교 무용 실감 케 한다	FALSE
신천지 최악 사이비 집단	FALSE
사기꾼 이만 희에게 속 영혼 마귀 팔 넘긴 신천지 형제 들  회개 돌아오라  이만 희는 악마 적 종교 사기꾼 평생 이단 교주 밑 떠돌며 이 단 수업 받은 자	FALSE
이념 무서운게 종교	FALSE
모든 사이비 돈 통한 다	FALSE
저런 허 접 개목 사을 따르는  신도 없다면  사이비 존재 하지 않는다  지구 상 제일 세뇌 된 인간 많은 곳 한국 임  세뇌 잘 된다는것 자기 생각 못 하는  어리숙한 자가 많다는것이다	FALSE
사기꾼 속 는 인간 들 정신 적 문제 많더라  안타깝네	FALSE
사 기술 극치  어리석은 자를 유혹 하여 ㅊ 삥 뜯는거지  여자 하나 더 딤 인간 들   본디 종교 란 인간 위로 하기 위 방편 언젠가 부터 신 위 방법 절대자 모습 협박 수단 삥 뜯는 신의 모습 변질	FALSE
박태선 신앙촌  문선명 통일교  이단 두 줄기  수많은 이단 들 나오다  박태선 신앙촌  나온 ㅡ 신천지 이만 희	FALSE
신천지 새누리	FALSE
예수님 당신 들 오셨다고 말 하면서 그런 당신 들 교주 되어 신도 들 만들고 말씀 자신 들 신격화 하는 말 들 해석 하여 신도 들 속이는 것 명백히 하느님 드리는 죄 하루하루 지옥 가는 길일 뿐입니다 그런 당신 들 빠져 말씀 왜곡 신앙 왜곡 하여 사회 적 물의 일으키는 당신 들 믿음 절대 절대 하느님 원하시고 바라시는 뜻 아닙니다 교회 세상 속 있고 특히 가난하고 어려운 이 들 사랑 나눔 베푸는 것 그리스도교 참된 가르침 인간 오 신 거지 너희 들 그따위 짓 하라 오신 아닙니다	FALSE
저 사기꾼 들 돈 받치고 꼬붕노릇 인간 들 더 한심한 작자 들	FALSE
저걸 이제 알았어  이제 같이 호위 호식 하더니 이제 와서 양심선언  사이비 교주 다 사형 시켜 야한다	FALSE
ㅉㅉ 이제 서 폭로 왜 뭐 안 쳐줘  대장 노릇 못 하게 해	FALSE
이만 희 김남희 뿐 아니라 여의도 큰 교회 조 목사 문재인 죽여야 한다는 전 목사 지 엽 적 동네 교회 재산 들고 도망가고 신도 비정상 적 관계 때문 감옥 간 목사 목사 목사 기독교 정상 적 교회 혹은 목사 도대체 누구 한번 묻고 싶다	FALSE
신천지 이단 여의도 교회 정 파더냐 아 서라 무신론자 가지 않더라도 니데 들 모두 정상 아니다	FALSE
종교 사기 그래서 나 이제 종교 안 믿어 법륜 스님 말씀 들을 뿐 신은 없거든	FALSE
신천지 개독 뭐 다를거 있나	FALSE
사이비 이단 ㅋㅋㅋ 이런거 진퉁 있단  말  한국 교회 진퉁 있냐 ㅋㅋㅋ  여기저기 개독 개독 뿐이면서  명박 이 장로 전광훈 빤스  교활 이 ㅋㅋㅋ  이나 개독 땜 망할 뻔 했다	FALSE
지 분 챙기네	TRUE
신천지 새누리  전광훈 이 이단 풀어 줬냐	FALSE
교리 공부 한다고 가서 뭘 했는지  우리엄마 개종 한다고 나 상담 하길래  인연 끊자고 찌알 떨어 겨우 말렷음  기존 성당 교회 니시 노인 들  자식 들 부모님 들 단속 잘 하시길	FALSE
ㅋㅋㅋ 다단계 드립 성경 지 멋대로 이용 해 먹는 이 단 놈 들	FALSE
전광훈 빤 쓰 교주 실체 누가 하나님 혼낸다는 이단 한기총 교주 전광훈 실체  밝혀 주세요 희대 사기꾼 전광훈 묵인 하는 떡검 배후 밝혀 주시고요	FALSE
답 없다 진짜	FALSE
Cbs 작성 기사 노컷 배포 걍 카피  이상하게 지기 들 끼리 밥그릇 쌈하는 거 같네 ㅎㅎㅎ	FALSE
김일성 교 문재인 교 문선명 교 같은 거 대중 사기 대중 세뇌 하 노예 좀비 만들어 시켜 먹고 뜯어 먹고 착취 하여 먹는 것 주된 목적 거기 에세 순위 보직 주어 자발 적 맹종 동물 만는 것 이	FALSE
쓰레기 잡 귀신 여 호 아는 사막 잡귀 야훼	FALSE
사이비 속 는 사람 들  이해 안감	FALSE
예수 자기 혼낸다는 기독교 신천지 뭐 달라  왜 지 들 끼리 밥그릇 가지 싸우냐	FALSE
이런 것 들 판 떵떵거리 나라 대한민국  참 좋은 나라	FALSE
내 이런 날 올줄 알았다	TRUE
신천지 뿐이겠냐 통일교 그렇고 한기총 그렇고 다 들 사이비 우리 흔히 말 하는 개독 자체 이단 개신교 자체 들어오면서 이나라 이단 변질 되었다 그리고 국민성 어떠하냐 왜 이리 맹신 하는것 들이 많어 종교 믿으려고 사는 건지 아니면 살려고 종교 믿는 건지 구분 안 그리고 타국 뭔 선교 그리 많이 가는지 그 나라 국교 있는데도 뭔 선교 그것 그 나라 무시 하는 행동 정 믿고 싶으면 니 들 믿고 남 강요 하지마 사악한 무리 들 성경 말 하는 적그리스도 바로 니 들	FALSE
ㅎㅎ 둘 해먹 땐 좋아놓고선 ㅎ	TRUE
최대 말기 적 중상 우리 하고 싶은거 다해 이 거 같은데	FALSE
진짜 진드기 같은 사이비 집단  이 땅 사라지길 간절히 기도 한다  더 이상 넘어가는 어리석은 자 들 없기를  자녀 들 신천지 넘어가 이 시간 부모 들  시름 이만 저만 아닌 사람 들 주위 많다	FALSE
종교 없어야되	FALSE
대순 증산도 같은 훔치 거리 주문 주절거리면 병 없어지고  남 병 고친다는 놈 들 종교 집단 판 치 않나	FALSE
신천지 최태민 하고 관련 있다에 내 부랄 한쪽 건 다  최태민 ♥ 닭 은 국민 다 아는 사실  닭 신천지 하고 연관 있다는것도 밝혀져야 한다	FALSE
신앙 사기 왜냐면 신은 세상 없다  인간 만들어 낸 허상 원래 사기꾼 들 좋은 말하면서 살살 꼬시잖  조심해 인생 망하니까	FALSE
신천지 정통 기독교 볼 때 영적 주사파 단체 김남희 여사 신천지 폭로 하는 것 너무나 놀라운 사건 입니다	FALSE
기독교 전체 파괴 하는 신천지 암세포 같은 악종 질병  신천지 이만 희는 하나님 사랑받는 아들 하지만 하나님 전혀 상관 없다 그렇기 때문 세상 밝혀줄 빛과 소금 다 잃어버린 상태 생각 한다	FALSE
대한민국 더 악랄한 사이비종교 문 천지 조 순 진리 교 추호 증인 있지  다음 그것 들 추종 하는 광신도 들 기생 하고있고	FALSE
전광훈 이 비슷하지	TRUE
달창교 새누리  김일성 교 순 복음  다 뿌리는 같다  미천한 인간 들  광 적 인간 들	FALSE
신천지 개인 우상화 사이비 교주 축재 위 이 단일 뿐 하나님 말씀 위 있다는 신천지 이만 희는 가장 대표 적 거짓 선지자	FALSE
이 것 믿으면 안된다 신천지 교인 이었던 사람 출 교하 일반 기 성교회 간다 기 성교회 성도 들 사랑 받을 수 있을까 표면 적 받을 수 있다 하지만 그 들 보이지 않는 신천지 이마 낙인 찍혀 있다	FALSE
반국가단체 이만 희 곧 죽을텐데 그땐 또머 할지	FALSE
이만 희나 전광훈 그 놈 그 놈 따라 다니는 멍청이 들 불쌍하지	FALSE
시바 꺼 신천지 무거동 하기사 교회 신천지 들어가 보면 장사꾼 들 가득하더라	FALSE
교회 아닌 사설 집단 왜 한국 교회 받아들일 걱정 하	FALSE
출 애굽 하셨네요  불쌍한 신 천지인 들 간증 듣고  사 단 마귀 같은 이마 니 실체 깨닫고  많은 사람 들 출애굽 했으면 좋겠습니다	FALSE
사이비 족속 들  가정 파탄 이혼 가출 학업 포기 노예 살아가는  사이비종교	FALSE
신천지 엄정 수사 해서 평생 감옥 반성 하며 살 해야	FALSE
사이비 이단 따로 없습니다 하나님 말씀  살아가지 않는 모든 천주 개신 교 들 다 같은  이단 것 입니다	FALSE
신천지 무서운 이단 단체	FALSE
쓰 레 기 같은 개 잡 종 이지  인간 아님 개 잡 종 말 종 씹 종 박 정 희 때 만든 단체 그 따이로 쳐 하니 하나 쳐 뒤 지고 하나 쳐 들어가지	FALSE
사람 살아도 죽어도 절대 신 아니고 될수도 없다  썩어서 먼지 될 뿐	FALSE
그 관계 오래 갈거라고 생각 혀  그 놈 사생활 종교 거리 머 언 놈  통일교 문 가가 그랫  세월호 유가 놈 그랫  전 검창 총장 채 뭔가 하는 놈 그랫  딴 따라 홍 뭔가 하 춘 풍 이 김민희 올라타고 그러고  땅속 게신 롯데 신 뭔가 하는 회장 그랫  북조선 마적 단 두목 일 성 이 여자 탐혓  그 새끼 똥 자루 그랫  그 놈 새끼 뚱땡이 그러고 잇고 잉  돈 권력 종교 랍시고 맺어진 남녀 관계 오래 간다  남녀 간 애틋한 사랑 아니고는 단 을 가는 년놈 본적 없당 개  사랑 없는 사랑 사라 이 아녀	FALSE
쟈덜 저런 사이비 수교 돈 갖다 바치 가 렝 이 벌 리 대 가 리 조아리는 레밍 개 돼지 한심하고도 쪼 다 더 문제 이 닷 ㅋㅋㅋㅋㅋ	FALSE
신천지 교주 이만 희에게 제 의 성 받이가 등장 했겠지	FALSE
영혼 불멸 하나님 죽인다는 빤스먹사 같은 넘이 회장 있는 한국 기독교 총 연합 회도 이단 분명하다 한국 개독 먹사 들도 같은 놈 들 빤스 회장 모시는 거	FALSE
기자 수준  베필 ㅠ  배필 으 휴	FALSE
사이비 위 사이비  자신 현 사이비 교주 보다 더 신격화 하네 대단한 기만 술 이 구먼  그 기 빠진 신도 들 천지 모르니 안타깝네	FALSE
제발 비정상 적 종교  모든 걸 바친 사람 없길 바랄 뿐	FALSE
하는 짓 보면 모르나 이만 희를 떠나 딴 살림 차리겠다는 포석	FALSE
기자 그냥 글 개 발 새 발 쓰네 몇 군데 틀리잖아 베필 뭐  ㅡ 배필 받아들이지  ㅡ 받아들일지 신 양 성경 뭐 ㅡ 신약성경 신앙 성경 이겠지 모읍니다  모으고있습니다 기자 신천지 무당	FALSE
김남희  이만 희가 숨겨놓은 젊은 여자 찾았나  갑자기 폭로 ㅎㅎ	FALSE
비 종교 일 뿐	FALSE
종교 자체 비 과학 영역  이단 어디 있나  종교 자유 있으니  자신 좋다고 생각 하면  어느 종교 가입 하면 되는거고  책임 또한 본인 스스로 감수 해야 할 문제 본다	FALSE
자유 왜구 교	FALSE
전광훈 기독교 총회 장이 교주  이만 희 목사 교주 된것은 같은 맥락 사이비 이 단 교도 들 현실  똑같은 사이비 넘 들이다	FALSE
이만 희 자식 들 김남희 측 세력 싸움 하 건가	FALSE
아니 베필 뭐 베필 배필	FALSE
종교 재산 과세 시켜라  이 나라	FALSE
신천지 신도 다 까 끼 광신도 만 배는 해롭다	FALSE
신천지 허구 깨닫고 탈퇴 하는 신도 들  빤 쓰 목사 님 영접 하시겠지 ㅎㅎㅎㅎㅎㅎㅎㅎㅎ	FALSE
우상숭배 모든 종교 이단	FALSE
거기 개독 여기 개독  어쨋거 저쨋거 개독	FALSE
신천지 하나님 교회 한기총 통일교 JMS 등 수많은 사이비 들	FALSE
오늘 신천지 알바 들 안보 ㅋㅋ	FALSE
신천지 하느님 팔 장사 하는 종교 군 없는 하느님 믿게 하려면 온갖 감언이설	FALSE
사탄 하느님 성전 앉아  하느님 흉내 낸다  사이비 교단 그 추종자 들  사탄 명명 되어 자손 대가  그죗값 받으리라	FALSE
믿는 대가리 들 뭐 ㅋ ㅋ	FALSE
이 들 떨어진 인간 들 정신 좀 챙기고 살거라	TRUE
신천지 하나님 교회 이만 희 교주 안상홍 교주도 여자 후계 자 세워놓고 지금 쯤 지옥 절규 하고있을것이다	FALSE
서양인 팔어서 잘 먹고잘 사네 하여간	FALSE
신천지 종교 말 하지말라  미친 이기주의 집단 거지  이나  사라져야 하는 이상한 종교 많다	FALSE
♪ ♬♩♪♪ 싶다 신천지 때문 주위 가정 파탄 집 여러 집 신천지 범죄 집단 마찬가지 폭탄 잇음 폭파 시키고 싶은 마음	FALSE
악마 쇄뇌당 영혼 들	FALSE
그러던지 말던지	TRUE
신천지 뿐 아니라 우리나라 사이비 교단 강원도 춘천 현 지사 등 폐쇄시켜 한다 어리석고 순진한 사람 들 영혼 앗아가는 족속 들	FALSE
도데 체 머리 속 뭐 있길래 이딴 거 속 넘어가지  그냥 상식 적 생각 해도 말 안된다는걸 알텐데  사리 판단 옳고 그 름 이건 할줄아는 교육 배움 없는 건가	FALSE
이단 사이비종교 신천지 교주 어떤 부분 이야기 같아요 잘 모르 기두 하는데 내용 기사 제목 간단히보다 가글 망설이다가 담요	FALSE
권력 그냥 자기 잡으려고 하는거 같은데	FALSE
멀쩡한 소시민 사이비 빠져 나라 먹는다  이런 인간 들 아직도 활개 있으니 큰일	FALSE
내 일 국 집권 자라면 종교 자유 빙자 저런 혹세 무민 가정 파탄 사회 혼란 세력 사이비 교주 행세 하는 넘 들을 싸 그리 살 처분 하겠음	FALSE
솔직히 한국인 하나님 일리 없잖아 왜 믿는거지 하	FALSE
♪♩♩♪♪♬ 과 정신 나간 년	FALSE
츠암  신천지 쇠뇌 된 인간 들 머  이마 영감 재이가 그리 말빨 쎄나	FALSE
저런거에 현혹 되는 사람 멍청한 건지	FALSE
인권 단체 만들어 수 많은 사람 속 한다	FALSE
교회 신천지 아무 관련 없고 다만 신천지  이단 거짓말쟁이 사기꾼 일 뿐  돌아이 단체	FALSE
아베 똘 아니 집단 구먼 신도 대리 일본	FALSE
신천지 기독교 뭐 달라	FALSE
신천지 개독 머 틀릴게 있다고 개독 들 지 들 밥그릇 뺏긴다고 개 짓거리 하는게 더 재수없음	FALSE
김남희 누 군 줄알 저 사람 말 믿는데 누구 보고 정신차리고 사이비 빠지지말라는 건지 ㅋㅋㅋㅋ 어이 없다  진짜 정신 똑바로 차리고 보세요 저 말 들 진짜 사실 이면 뉴스 전광훈 처럼 나와야지 뭔 자기 들 끼리 분열 김남희 씨 쫒 겨 난 사람 이 ㅋㅋㅋ 그리고 신천지 피해자 어이 없네 다 잘못 해서 쫒 겨 사람 들 자기 들 지 발 나가는것 마냥 ㅋㅋㅋ 와 진짜 와 보지 않았으면서 가본것 마냥 하여튼 척척 척 지겹다 진짜 어쩜 역사 이렇게 똑 같 이 이뤄지는지 무지 죄 긴하네요 여러분 덕분 더욱 믿음 성장합니다	FALSE
일반 눈 신천지 기독교 통일교	FALSE
이단 전문가 들 누구 ㅋㅋㅋㅋ  신천지 기독교 다 이단 아녀	FALSE
신천지 개신교 똑같지 신천지 신자 들 빼앗아가니까 개신교 난리 치는 것	FALSE
한국 교회 얼마나 썩었으면  저 따위 교회 팍 팍 넘어가고 벌 벌 떠냐  목사 님 들 아니 목사 들  얼마 전 목사 신뢰 조사 가 신뢰 하지 않는 다드	FALSE
신천지 기독교 동 급	FALSE
한국 교회 들 다 썩었어  신천지 욕 할거 없다 너 네 다 똑같아	FALSE
요뇬 요  그냥 반란  항거 지나지 않네  신천지 후계 권 불안하여서  미리 선수 치는거구만  조용기  김장 환  김삼환  전광훈 오정현   그 외 수 많은 대형 교회 목사  쪽 수가 되니까 이단 아니지  실제 이단 삼단  하여간 개신교 사기꾼 들	FALSE
CBS 노컷뉴스 답 다 법원 판결 왜곡 하냐  너넨 거짓 기사 방송 것 법원 정정 사과 방송 하라 판결 나오니까  아무 안보 새벽 방송 하더라   어떤 종교 믿고 안 믿고를 떠나서  돈벌이 수단 신 팔고 거짓말 일삼 는  것 들 무슨 언론  돈 기 총 회장 빤스 목사 종교인 아니고  거짓 기사 장사 하는 CBS 도 방송국 가장  사이비 장사꾼	FALSE
이 기회 기독교 싸잡아 음해 하는 좌파 무리 들  그 악의 댓 가는 본인 져야 할 것 하나님 심판 그대 들 삶 그대로 심은대로 거두게 될 것  꼭 기억 하라 그 때 가서 통곡 하  함부로 사안 기독교 핍박 쪽 몰고 가지 마라	FALSE
신천지 진짜 다른 기독교 가짜 사이비 같은데  기독교 급감 신천지 급성 장	FALSE
그래도 한기총 전광훈 났다 신천지 정치 안 한다	FALSE
개독교 전체 이단 아닌가	FALSE
개목 개독 들 개 색퀴	FALSE
개독교 신천지 훨신  낫던데 개독교 진짜 장사꾼 들	FALSE
개독 신천지  다 똑같다	FALSE
종교 이단 없다고 본다 세력 크면 정단 세력 작으면 이 단일 뿐  로만 카톡릭 프로테스탄트 이전 하나님 믿는 유대인 이 둘 다 종교 인정 안 한다  정통 하나님 믿는 유대인 인정 안 하는데 같은 신 두고 가짜 들 끼리 이단 논쟁 참으로 희안하다  종교 란 참으로 개그 특히 유신론 신앙	FALSE
신천지 장로교  이만 희나 전광훈  내 보기 다 ㅈ 똑같은 서양 귀신 받 드는 사이이 종교	FALSE
예수 태어나지 말았어야 할 귀태	FALSE
용문산 박수 무당 믿는게  더 영험 할듯	TRUE
그래도 빤스 놈 전광훈 보다 훨신 정상 적 사람	TRUE
시국 어수선하면 사이비종교 득세 합니다	FALSE
한기총 붙어 먹던 cbs 아이	FALSE
이런 곳 빠져있는 사람 들 진심 이해 할 수 없다	FALSE
이단 단체 신천지 통일교 여호와증인 하나님의교회 안상홍 요즘 거리 한 사람 더 멸망 시키려고 유혹 하는데 절대 끌려가지 마세요	FALSE
기 성 종교 이미 오래 전 자리 잡아서 젊잖은 거고 그 들 이단 부르는 집단 비유 하면 벤 처 같은 신생 기업 오버 하는 거지 둘 사이 본질 적 다른 게 뭔가 어차피 어딘가 속 권력 나누어가지려는 마음 이단 정통 별 차이 없지 그냥 사회 물의 일으키지 않으면 바위 숭배 해도 상관없다	FALSE
Cbs 김남희 거짓말 이용 하지마라  사실 아니라는 것 하늘 알 땅 안다	FALSE
신천지  새누리 잖아	FALSE
한국 기 도교 신천지 하느님 믿은건 같다  둘다 사이비 종교  한국 기독교 목사 신 신천지 교주 신  무슨 차이 있나  사이비 사이비 욕 하는 꼴  웃기지도 않는다  우리 교회 다른 교회 달라 ㅋㅋㅋㅋㅋ	FALSE
기독교 자체 사이비 사기꾼 집단	FALSE
해 달 김일성 개 육갑 ㅋ  누가 봐두 사 꾸라 사이비 교주  그걸 종교 믿고 가는게 이해 불가	FALSE
잘 됐다  본인  신 주장 하는 이만 희  젊은이 들 이만 희는  사람 입니다 이제  죽어요	FALSE
기독교 정통 교단 신천지 이단 즉 사이비 한다 사이비 교주 우상 숭배 있어 기독교 교리 위배 되는 이단 것	FALSE
신천지 기독교 나 도 긴 개긴	FALSE
이 만 희가 다른 여자 끼고있다가 이 여자 들켰네 뭐 그러니 이 여자 눈 깔이 돌아갔나 보지 뭐	FALSE
신천지 예수님 네 왔다 예 수탈 쓴 귀신 무당 빙의 걸린 것 신천지 귀신 들린 장사치 무 당일 뿐	FALSE
한기총 이단 입	FALSE
신은 죽었다	FALSE