미얀마 버마 와 한국 불교 현싯점 차이는 불교 사회 구성 중심 있고 한국 중심 벗어 나고 있다고 느껴습니다 기자 분 마무리 글 부분 저 궁금해 집니다 종교 사회 제도 바람 직 한 것 아닌지 판단 접어 두겟습니다 대부분 지역 불교 역사 꾸며져 있으며 특히 바간 지역 의아 생각 들 엇습 다그 시대 사람 들 삶 불국토 건설 이엇을 것 느껴집니다 개인 부와 개성 불국토 이상 추구 한 듯 합니다 세계 문화 개인 자본주의 흐르는 사 황 미얀마 앞날 대승 소승 보다	TRUE
다사 다난했지만 정말 대단한 분	TRUE
한국 경 제 발전 큰 획 그 으셨 던 분 평온하시길	TRUE
삼가 고인 명복 빌어 드립니다 유통업 대한 혜안 가지셨던 분 대한민국 유통 사 기억 되실 겁니다	TRUE
어느 재벌 집이건 자식 들 죽은 아비 재산 갖고 쌈 박질 하는게 보기 좋은 꼴은 아니지요	FALSE
일본 빨때	FALSE
스님 군인 혼인 이 거 무슨 조합 ㅋㅋㅋㅋㅋㅋ	FALSE
뭐 광화문 하나님 자기 까불면 죽는다고 막말 하는 목사 있는데	FALSE
어린이 같은 믿음 있어야 하늘나라 소유 할수있죠 영적 소경 사람 이해 못 하겠지만	FALSE
지랄 들 그만하고 제대 해서 막노가다하며 살거라 거지 들	FALSE
논리 없는 무뇌아 들 펙트체킹 승 적 박탈 승려 사니 다라는걸 교단 공식 인정 군종장교 정식 종교인 할 수 있음 정식 종교인 아닌 이상 기존 지위 체득 할 수 없으므로 전역 처리 하는것이 맞는 것 법대 처리 하는거 임	FALSE
팩트 체크 체득 몸소 체험 하여 알다 뜻 이 경우 취득 써야 맞음 남 들 무뇌아 욕 하기 전 한글 공부 하시길	FALSE
종교 종교 군대 군대 종교인 군인 될 순 없음	FALSE
그 기준 어디서	FALSE
ㅈ 도 논리 없는 생각	FALSE
이건 무슨 근거 말 하는거죠 성경 보면 전쟁 대해 무수 히 기록 되어 있고 하나님 군대 이방 사 단 마귀 계속전쟁 하는데 종교인 군인 될수 없다는 근거 뭐	FALSE
스님 장가 시집 가는 파가 있음 무조건 땡 중 긴 그렇죠 기독교도 파가 다양하듯	FALSE
어떤 넘은 휴가 가서 잠지 떼고 오더니 요즘 군대 왜 이런 대요 당 나라 당 나라	FALSE
쵸코파이 먹고싶어서 절 갔었는디 ㅎㅎ	TRUE
기사 제목 보면 스님 장가 간 문 제 라서 보이는데 국방부 판단 거 장가 가서가 아니라 스님 직위 잃어 서구	FALSE
다 돈 탐욕 때문 사실혼 알 모르게 살 될것을	FALSE
옛날 아기 못 낳아서 절 갔다 와서 임신 하는 기적 있었지 스님 들 내시 만들어야	FALSE
고타마 기 혼자 였는데 뭐 문제 된다고 지랄 허냐	FALSE
이혼 동거 해라 직장 짤 리 안되잖아	FALSE
대가리 깍 았 는데 솓구치 욕정 참을수 없어 속세 가서 여자 픔었으 넌 더 이상 중이 아니고 중 가장 해서 혜택 누리 편하게 밥 벌어 처 먹으려는 잠눔 님들 같이 땅 파고 짐 메고 땀 흘려서 벌어 먹으라 좀 있음 여자 따라 교회 나갈 끼 이 놈 염치 있어야지 소송 무쉰 ㅋㅋ	FALSE
별 다 기 사거리 군종장교 밥 벌어 먹고사는데 종교 버렸으면 그냥 훈련 받고 땅개 하면 되는거 아니냐 이 정도 머리 나쁜거냐 아님 원칙 없는거냐	FALSE
대법원 오랜 만 제대로 판결 했네 본인 소속 조계종 태고종 바꾸더라도 입 대전 바꿔야지 군대 누구 들어가기 싫다 그러나 군대 누구 나오기 싫은 모양 장교 로서 편한 모양 나라 지키려면 최소한 것 들 지켜져 야한다	TRUE
하고 싶은거 다 하면서 뭘 지키겠다고	FALSE
그냥 사실혼 지내지 안타깝네	FALSE
나무아미타불	TRUE
종헌 우습게 보고 어기면서 부처님 전 법 포교 하겠다니	FALSE
승려 결혼 미쳤네	FALSE
그럴거면 뭣 하러 군종 승려 지원 하냐 애초 처음 육군 장교 가지	FALSE
땡 중이 속세 인연 끊어서 영적 지도자 로써 본연 임무 충실할것이지 잿밥 눈 멀어 장교 하고 싶고 돈 벌고 싶고 결혼 얻고 싶고 완전 파계 승일 세	FALSE
주성치 줄	FALSE
말 웃긴다 ㅎㅎ	TRUE
종단 새로 세울 사람 이	TRUE
찰지네요 ㅋㅋㅋㅋ	TRUE
속 내 확실하게 글 옮겨 났네 쪽 집게이시네요	TRUE
주성치 빵터짐 ㅎㅎㅎ	TRUE
수백 수 천년 전 통 하던 교리 현대 적용 해서 그대로 유지 한다는 것 문제 생각 한다 신 믿는데 가족 가지 않되 고 인간 행복 버리고 금욕 하라 구시대 적 발상 빠져 사는 현대인 들 더 이상하다	FALSE
나라 개판 휴가 때 성전환 하질 않나 ○○ 들이 우 글 거리	FALSE
ㅇ 베충 이 틀 딱이도 추가 좀	FALSE
ㅋㅋ 똥 안 나오는거도 나라 탓 이	FALSE
태극기 들 나대는 정신 나간 노인 들도 급증	FALSE
ㅋㅋㅋㅋㅋㅋㅋㅋ faaaaaaaaaaaaact	TRUE
군대 문제 어제 오늘 일임 정권 상관없이 문제 터졌다 노크 귀순 잊은거아니지	FALSE
군대 원래 OOO 들 우 글 거리 곳 맞잖아	FALSE
ㄴㄴㄴ 은 사실혼 에 혼인 했다잖아요 기사 좀 똑바로 읽으세요 ㅋㅋ	FALSE
똥 안 나오는거 문재인 탓 맞음	FALSE
이면 어떤 정부 일까 요	TRUE
ㄴ 개인 결혼 하는거랑 정부 뭔 상관 ㅋㅋㅋ	FALSE
광화문 태극기 성조기 같이 흔드는 그 들 가장 원하는 소 원 이란 한국 미국 번째 주가 되는것이라고 합니다 소름끼치는 사람 들 입니다	FALSE
arhu 누가 그러냐 북한 나라 바칠려는 문 재앙 정권 그 대 꺠문 들 보수 없애기 발악 황당하기만 하다	FALSE
어떤 정부 때 일어난 일인 파악 댓글달지 ㅋㅋ 자책골 너혜	FALSE
군 기강 진짜 개판 ㅋㅋㅋ 핸드폰 생활관 성매매 동성애 불법 박하는 사병 휴가 때 지 맘 성전환 하는 부사관 이 젠 신앙 따윈 개나줘 버린 군종장교 골고루 난리	FALSE
이런 사람 특 군대 부조리 킹 이였음 말 끝 요즘 군대 편하다고 ㅈㄹ 함 인생 업적 군 전역 없음 술자리 군대 이야기 하면 무슨 무공훈장 급 썰 풀 앉아있음	FALSE
응 그러니까 너 같은것도 유신 시대 다루자	TRUE
으이구 꼰대 그렇게 폰 하는게 못마땅하냐 왜 학교 폰 금지 하지 잘못 하면 처벌 하면 그 만이 확실히 포털 꼰대 어른 들 많아	FALSE
대 댓 개판 ㅋㅋㅋㅋㅋㅋㅋㅋ	FALSE
군대 폰 그 짓 하 놈 문제 제도 문제	FALSE
성전환 부사관 그 새끼 사단 허락 나와서 한 거 마음 아니라	FALSE
생활관 어떻게 성매매 해 이샏기 ㅋㅋ	FALSE
사병 무슨 언 제적 사병 이라냐	FALSE
이런 사람 들 노크 귀 순 때 뭐라 했을련 지 암튼 군대 언제 사고 없던것처럼 그리고 제 살 폰 가지 뭐라하지마라 꼰대들 진짜 나이 들 어도 존경 받는 어른 되자 좀	FALSE
팩트 군 성매매 예전 훨씬 심했다	FALSE
조계종 왜 까지 군종장교 결혼 허 했는지 그 이유 궁금하네요	TRUE
아시 분 설명 좀 땡 중 법	FALSE
불교 군종 병 출신 나때 있던 법사 와이프 애 둘있었음 ㅋㅋㅋ 첨 걍 간부 자식 거 했는데 법당 뒤 아빠 부르는거 처음 들었을 때 개 충격	FALSE
부처 죽 달마 죽여라 이런게 있는데 변화 하여 하나 정형 화 되지말고 득도 해서 혜탈 하는건 불교 원리 불알 못 들이 정형 화 시키는것 보면 대단함	FALSE
eyep 어이 bing sin 아 불교 종교 교리 스님 혼인 금지 되어있다 기독교 혼인 장려 목사 또한 결혼 자연스럽고 너 같은게 숨 쉬 있는거 자체 죄다 숨 그만 쉬 어 산소 아깝다	FALSE
승려 자격 잃었으니 당연히 전역 ㅋㅋㅋ 승려 뽑았는데 승려 아니게 됐다 그럼 군 아무 것 아닌 사람 데리 있을 이유 없다	FALSE
내 가장 싫어하는 부류 중 하나 군종장교 임 나 인사 쪽 근무 하던 장교 였지만 진짜 살인 충 동 들 정도 무책임함 무슨 일 생기 사람 좋은 웃음 지으면서 자기 할줄 모르니까 다른 부서 도 달라 고만함 물론 이 때 해야하는 행정 적 사무 처리 절대 안함 그리고 월급 대위 소령 월급 따 박 따 박 받아 감 뭐 하는지도 모르겠는데 하루 종일 성당 교회 절 죽 있음 뭔 놈 출장 그렇게 많은지 매달 받아 갈 수 있는 수당 꽉꽉 채워서 받아 감	FALSE
사람 들 지 하고 싶은 건 다 살 싶고 그 따르는 책임감 안지려고 한다 자칭 진보주의자 들 이 걸 인권 있는 우리 왜 내 자유 책임 지나 이러고 있는데 도대체 그 인권 뭔 데 아니 인간 태어났다라는 것 내 꼴린대로 하고 살겠다는 그 발상 너무나 역겹고 거만한 생각 아니냐 인간 존엄성 이야기 싶으면 인간 지금 지구 자연 얼마나 못 살게 구 지를 먼저 보고 우리 인권 운운하며 막 사는 게 맞는지 아니면 인내심 길러 제어 사는 게 맞는 존재 설명 가능하지 않을까	FALSE
승려 군종장교 하다 결혼 남자 부사관 임관 해서 성전환 아주 코 메디 구만 ㅎㅎㅎ	FALSE
군인 국민 군대 필요한건 국민 아니라 군인 임	TRUE
장가 가고 싶으면 중이 되지를 말던가 욕심 지나치네	FALSE
이전 허용 됐다는 말 세상	TRUE
목사 중 무당 모두 동 급	FALSE
어차피 세금 안 내는건 똑같지 뭘	TRUE
맞는말이다	TRUE
이 세 상의 모든 종교 사라질 정도 돼야 인간 의식 수준 높아지고 세상 평안해질 겁니다 신 창조 그것 믿는 우매 중생 있는 한 세상 혼돈 못 벗어나요	FALSE
우리나라 종교 사이비 세습 탈세 탈루 종교 나쁜 행태 세계 최고 이건 모 마피아 같아 타인 타 종교 대한 사랑 자비 배려 없는 그런 인간 들 사회 구성원 되면 유병언 이명박 문재인 황교안 같은 사람 되는거지 자기 편 옳고 남 들 쓰레기 생각 하는	FALSE
신부 수녀 껴줘	FALSE
남자 성전환 남자 부사관 가겠습니다 하는 여자 없는거 보니 여자 살기 참 편한 나란 가보다 오죽하면 여자 성전환 여자 부사관 보내 달라 하 여군 들 ㄹㅇ 갰극혐	FALSE
성 전환 수술 여자 군 복무 하겠다고 군대 법규 정도 무시 버티며 떼쓰는 부사관 그렇고 승려 신분 군 복무 하면서 결혼 하지를 않나 군대 앞 어떤 해괴 일 들 벌어질지 우려 스러 움 금 할길이 없네요 인정 사정 볼것 없이 군법 규정 된대로 처리 하세요 그러면 됩니다	FALSE
스님 동거 했다는거네 소름	FALSE
군대 그렇고 사회 전반 만에 개판 된건 팩트	FALSE
만에가 아니고요 그동안 쌓였던게 이 정권 들어서 터지는 거지	FALSE
절 가면 몽쉘 통통 줘서 갔는데	TRUE
중이 혜택 준건데 종단 규율 어기 지 멋대로 한 놈 전역 아니라 감방 보내아지	FALSE
그러니까 여자도 군대 가라	FALSE
요즘 마누라 없는 중이 어디 있느냐	FALSE
쉽고 편하게 공무원 될려는 잔 머리 이렇게도 굴릴수있구 대 다나 와 ㄷㄷㄷㄷ	FALSE
저출산 원인 종교 있었어 다 없애야되 종교 놈 들 뭔 놈 종교 결혼 금지 시켜가지고 나라 꼴 그 지로 만드냐 세금 안 내는것 들이 세금 혜택 드럽게 받고 나라 기여 하나 도안	FALSE
저녁 삼겹살 소주 한잔 걸 잠자리 마눌 ㅋㅋ 땡 중 어디 안 간다 ㅋ	FALSE
아무렴 떡 ㅇ 치 고사 극락 이지오	TRUE
당연한 판결 조국 정경 심도 법대 판결 하기 바란다	FALSE
김성태 의원 무죄 받아서 이 젠 조국 무죄	TRUE
문 재앙 종북좌파 정권 들어서니 대한민국 국군 완전히 당나라 군대 되어 버렸군 ㅠㅠㅠㅠ	FALSE
대통령 개판 군대 개판 됨	FALSE
어 국가 출산 률 낮다고 결혼 하 해서 국가 위해 한건데	TRUE
파계 중놈 욕심 많다	FALSE
군인 권 센 타 뭐 하냐 출동 해야지	FALSE
원 시시대도 아니고 종교 무슨 종교 종교 것 없다 종교 선량한 사람 들 눈 멀게 하여 죽음 길 들어가게 하는 범죄 저질르고 있는 것 우리 알 믿고 있는 종교 잘 이해 되지 못 한것을 모르고 잘 이해 된것으로 알 믿고 있는 것 오랜 과거 오늘날 전래 되어 관습 화 하여 문화 화 化 하고 우리 일상 생활 행 行 하여진 것 이기 선입관 판단력 부족 사고력 부족 많은 사람 들 무의식 무비 판적 받아 드리고 종교 빠져 살다 죽어 가고 있는 것 입니다	FALSE
군종장교 얼마나 땡 보냐 ㅋㅋ 군 월급 따 박 따 박 나오지 하는 일 없지 짱 구 굴렸 다가 잣 된 일이 군	FALSE
개판 ㅡㅡ 거짓말 하니 벌 받은 겨	FALSE
온갖 양 ㅇ 아 ㅇ 치 들 우글우글 거리 구나 천박한 쌍 ㅇ 것 들	FALSE
종북 정권 들어서니까 군 기강 무너졌네 ㄹㅇ	FALSE
성전환 한 부사관 퇴 역시 키 되겠네 동일한 법리 적용 해서	FALSE
종교 빙자 양 아치 전광훈 같은 부류	FALSE
군종장교 개꿀 전역 해서 아쉽것소 ㅋㅋ	FALSE
설 충의 태고종 결혼 한다	TRUE
결혼 했으면 전역 개인 암자 차려 중질 해야지	FALSE
자격 잃었음 불법 이 쟤	FALSE
이건 누가 봐도 당연한 처사 아닌가 이 넘의 나라 ㄱㅐ 돼지 들 무조건 불복 보는 타입	FALSE
나 참 너 결국 남자 어쩔 수 없는 남자 여자 라면 미치겠나보다 재밌네	FALSE
문 재앙 좌빨 들 군대 해체 시키려 하는거 모르냐	FALSE
근데 스들 왜 결혼 안함 결혼 해서 자녀 들 낳고 사는게 국익 희한한 사고방식 이해 안됨	FALSE
부처 죽 달마 죽여라 이런게 있는데 변화 하여 하나 정형 화 되지말고 득도 해서 혜탈 하는건 불교 원리 불알 못 들이 정형 화 시키는것 보면 대단함	FALSE
암튼 개돌 아이 들 많아 나라 문제 아니라 그 개돌 아이 들 문제	FALSE
법 지키라고 있는거다 인권 종교의자유 법 다음 트랜스젠더 원하면 전역 후 법적 여 성 임 국가 로부터 받고 여군 재지 원해라	FALSE
조계종 불교 내 눈 돈 탐욕 눈 먼 조폭 보이던데	FALSE
뭐 시중 헌디	FALSE
이 거 완전 개땡 중 소송 하고 ㅋ	FALSE
전역 무슨	TRUE
결혼 순 린데 왜 못 하게 해	FALSE
거인 신격호 회장 님 명복 빕니다 후대 가면 제대로 된 평가 받으실 겁니다 서비스 란 개념 처음 보여주신 선구자 이십 니	TRUE
삼가고인의 명복 빕니다	TRUE
누구 기본 못 지키면 조직 사회 퇴 출 되는 법 조국 정경 심도 마찬가지	FALSE
이건 뭐 병	FALSE
장교 기강 군법 종교법 어기 어찌 다른 지도 할 수 있은까 요 군대 직장 생계 유지형 아닌듯 합니다	FALSE
신부 수녀 승녀 시집 장가 간 거 같은이치내 교리 따를려고 선택 한 인생 지 맘 고칠꺼면 뭐 하려 스님 목사 수녀 승녀 하나 적절한 조치였내	TRUE
그러니까 결혼 문제 아니고 조계종 아니면 군종장교 될 수 없다 이 말이네요	FALSE
종교 특히 목사 들 결혼 하지말고 진정한 욕구 이겨내 야한다고 본다 진정한 종교 자도 자라면	TRUE
승려 가장 병역 사기꾼	FALSE
졸라 잘난 척 하는거 같은데 태고종 대처승 태생 적 달라	FALSE
우리나라 종교 다 털어 봐 야함	FALSE
당연한게 뉴스 나오냐 그 여군 전역 시키고 임태훈 좀 털어 봐라 정치 하고싶어서 어그 끄는인 간리 자꾸 왜 나와	FALSE
문화재 관리 비 템플스테이 지 원금 ㅡ 은처승 증가	FALSE
논란 있었지만 대한민국 경제 발전 이바지 인물 입니다 영 하십시요	TRUE
삼가 고인 명복 빕니다	TRUE
돈 없는 천국 편히 쉬세요	TRUE
나라 개판 우리 종전 니지 않냐 군법 개나줘	FALSE
태고종 허용 되잖어 거기 로	TRUE
풉 ㅋㅋㅋ 그래놓고 무슨 니 들 저출산 논 하노	FALSE
가덕도 답 입니다 가동 가능해야 하고 미래 승객 늘어나면 확장 가능해야 겠지요	FALSE
가덕도 들어오면 좋은데 오거돈 시장 할 수 있을까 ㅋㅋ	FALSE
오거돈 이 하는 일 모도 안됩니다	FALSE
gpe 물론 국비 투입 되는만큼 다른 지역 사람 들 납득 시킬수 있어야 됩니다만 그게 변질 되어 대구 경북 정치인 처럼 본인 들 이익 위해 납득 못 하는 걸 납득 시킬 필요 없다고 봅니다 그리고 좀 더 검색 해보고 오시길 바랍니다 부산 신 항의 경우 부실 매립 인한 침 하였지 정상 적 공사 했음에도 침하 일어난건 아니기에 예외 사항 봅니다 간사이 예 드시는데 해상 공항 간사이 없습니까 꼭 반대 하시는 분 들 들고오는게 간사이 더군요 오히려 연약지반 두께 간사이 인천공항 비슷한 수준	TRUE
가 덕 입니다 애초 가 덕 자연 적 침하 일어난 경우 없습니다 오히려 자연 적 침하 현 김해 공항 있는 대저도 일어났죠 전 자연 적 침하 현상 문제 됬던게 현 김해 공항 입니다 그때 진단 결과 부실 매립 아닌 연약지반 못 버텨서 그렇다고 결론 났죠 다른 사례 근처 위치 부산 도시철도 호선 차량기지 그 침하 때문 중 검수 시설 없어 호선 전동차 호선 차량기지 호포 차량기지 중 검수 받습니다 심지어 원래 계획 없던거라 덕천역 쪽 연 결선 추가 시공 어려워 수영역 갔다가 호포 차량기지 가죠	FALSE
가덕도 공항 허구 제 수 차례 말 했습니다 간사이 바다 잠기는거 보고 지 돌라 카 귀요미 들 생각 안 사나 봅니다 그저 선거 휘 둘리 속 또 속 도 정신 못 차리네요 인도네시아 수십조 들여서 수도 이전 합니다 곧 바다 잠긴다고 이제 해상 공항 끝물 입니다 잠수함 기지 만들어서 쪽 빠리 견제 하는게 최 곱니다	TRUE
sysm 너 님 근거 자료 없이 말 한 걸 어찌 믿지 간사이 해상 공항 많은데 너 님 생각 안하나 봅니다 그저 지 들 이익 챙길려고 남 위 하는 척 참 한신 스럽네 그리고 김 ㅎ 새 공항 있는 대저도 해발고도 더 낫다 건 모르는지	FALSE
http://www.busan.com/view/busan/view.php?code=20160516000066 가덕도 연약지반 입니다 .http://www.ycity.kr/mobile/news_view/332 인천공항 단계 건설 기사 참조 하면 기반암 지상 m 아래 있다 는걸 봐서 연약지반 m 된다는걸 알수 있습니다	FALSE
gpe 또한 님말 어폐 있는게 그럼 주부 공항 고베공항 뭡 걔네 들 위도 경도 비슷한 곳 위치 공항 요 그리고 자연 위력 과소 평가 모든 해상 공항 문제 있으면 님 논리 맞겠지만 겨우 간사이 하나 없죠 그건 간사이 자체 문제 거지 해상 공항 문제 볼수 없습니다 그리고 태풍 걱정 하시는데 매미 급 태풍 맞은 하네다 공항 멀쩡했죠 하네다 측정 된 풍속 매미 때 부산 측정 된 풍속 동일했는데 말 이	FALSE
그리고 공항 전 문 업계 최후 수단 근거 어디 있죠 제 알기 론 최후 수단 장애물 있는 공항 해상 공항 아닐텐데요 최상 입지 장애물 없는 육지 공항 우리나라 그런 입지 없죠 그리고 저 처음 공정하게 다시 해야 한다는 거 동의 합니다 하지만 가덕도 만큼 공항 운용 성 좋은 곳 없죠 최소 장애물 없으니까 요	TRUE
gpe 그럼 간사이 가덕도 같나요 하네다 가 덕 다르다면서 간사이 가 덕 같다고 보시 모습 참 어이없네요 참고 어느 공항 태풍 불면 결항 뜨는건 아시 팟 사이 때 하네다 공항 간사이 작살 났다는 기사 도 없던데요 그리고 프랑스 입장 최후 수단 맞겠죠 거 긴 장애물 없는 평지 많은 국가 장애물 잇는 곳 공항 지을 일이 없을테니까 요	FALSE
gpe 그리고 여객선 부산 신 항만 왜 들어오나요 거 긴 화물 전용 항구 요 부산 오는 여객선 죄다 부산 항 국제 여객 터미널 부산 항 연안 여객 터미널 영도 크루즈 터미널 갑니다 화물선 있긴하지만 그것 그리 문제 안되요 초대형 화물선 높이 m 쯤 됩니다 하지만 그건 배 밑바닥 부터 잿을때 높이 배는 항시 수면 아래 있는걸 감안 하면 더 낮죠 거기 공항 활주로 해수면 m 건설 하진 않을꺼니 그거 감안 한다면	TRUE
더 낮아지죠 참고 인천공항 터미널 높이 m 인건 알 계시 그런데도 인천공항 사고 없이 잘 돌아 갑니다	TRUE
가 덕 가면 좋지하는 사람 들 가 덕이 얼마나 콩 한지 모르는 건가 ㅋㅋ 그리고 예산 새로 공항 만드는데 세금 얼마나 들어갈거라고 생각 하는지 알 가 덕 덕 거리 건가	FALSE
pcm 확장 하는거보다 적게 들어가는데 그리고 콩 하던 뭐 하던 매립 ㅇ 든 폼 있나	FALSE
우리 시장님 뭔가 크게 착각 있습니다 가 덕 신 공항 완성 되면 울산 시민 대 구 공항 더 편리해서 대구 갈것 임 해운대 서울 가는 시간 비슷함	TRUE
울산 시민 누구 듣고 하는 말	TRUE
ADPI ㅡ 처음 가덕도 신 공항 불가능 했다 부득이 예외 적 바다 위 공항 입지 들어서는 경우 싱가포르 땅 없는 경우 왜냐하면 바다 매립 하여 공항 건설 할 경우 주위 환경 파괴 물론 건설 비용 배든다 김해 신 공항 면되는돈을 든다는 말 오거돈 개인 돈 가덕도 수중 공항 만들던가 국민 세금 안된다	FALSE
adpi 는 어렵다고만 했지 불가능 한적 없다 애초 adpi 가 한 용역 본인 들 주도한게 아니라 국내 기관 주도하고 adpi 가 참여 기술 분야 국내 업체 하청 두고 한 거 그리고 싱가포르 땅 없는 경우 렵 다 고만 했지 불가능 한적 없다 애초 adpi 가 한 용역 본인 들 주도한게 아니라 국내 기관 주도하고 adpi 가 참여 기술 분야 국내 업체 하청 두고 한 거 그리고 싱가포르 땅 없는 경우 해상 공항 들어선다고 우리나라 인천 일본 하네다 간사이 고베 주부 뭘 까	TRUE
gpe https://www.hankyung.com/politics/article/2001090953598 연약지반 없긴요 인천공항 침하 되고 있지만 그걸 감안 건설 된거 문제 없을 뿐이죠 또한 부산 신 항의 지반 침하 http://www.busan.com/view/busan/view.php?code=20180722000140 부실 매립 인한거라 예 외적인 겁니다	TRUE
가덕도 역시 지반침하 있겠지만 감안 제대로 만들면 인천공항 문제 없다고 봅니다 그리고 김해 공항 역시 지반침하 문제 됬었던 적 있죠 http://news.khan.co.kr/kh_news/khan_art_view.html?art_id=200609040734541 전 기사 이긴 합니다만 김해 공항 역시 연약지반 위 건설 된 공항 입니다 다 들 거기 도로 많이 뚫려있고 도시철도 가니까 연약지반 같은거 없는 육지 착각 하시는데 김해 공항 있는 대저도 퇴적 층 이루어진 삼각주 입니다	FALSE
가덕도 공항 는 든다고 양심 고객 항공 전공 교수 님 계십니다 한마디 쓰레기 입니다	FALSE
sysm 그 양심 고백 교수 님 녹취록 인터뷰 자료 링크 좀 줘 보세요 ㅋㅋㅋㅋㅋㅋㅋ 거짓 일삼 는 쓰레기 씨 ㅋㅋ	FALSE
가덕도 최악	FALSE
가덕도 수중 공항 ㅡ 꼴랑 할주로 하나 건설 김해 신 공항 배 돈든다 해 마마 태풍 온 길목 패픙 피해 얀 약 지반 해마다 내리안는다 그 비용 누가 감당 하나 국책 사업 안데니 김해 신 공항 반대 하 니 네 개인 돈 건설 하던가	FALSE
라는 근거 현재 공식 적 대가 나왔는데 그리고 내리 앉는다 그게 문제 있을 정도 내려앉냐 가 문 제 일 건데 인천공항 사례 봤을 땐 그닥 문제 없어 보이는데 인천공항 기반암 깊이 비슷한 가덕도 말 그리고 태풍 길목 있다고 무조건 문제 되나 매미 급 태풍 쳐 맞고도 하네다 공항 멀쩡한거 모르지	TRUE
중요한건 가덕도 공항 준공 안된다는 겁니다 태풍 한 방 전부 바다 속 직행 입니다	FALSE
sysm 그것 더 중요한건 너 님 주장 근거 도 없다는 겁니다 오히려 반 박할 자료 많죠 ㅋㅋㅋㅋㅋㅋㅋㅋㅋ	FALSE
소음 및 절실 한 데 지도 펴놓고 아무리 봐도 가 덕 불가 싶어 걱정 태산 퍼센트 실패할께 뻔하고 먼훗날 관문 공항 대구 가고 가 덕 컨테이너 야적 장 전락 하지 않을까 싶어 가 덕 신 공항 애기 나오면 부산 사람 걱정 되어 잠 안온 다	FALSE
무능한 대통령 하나 때문 온나라 시끄럽구나	FALSE
문재인 아웃	FALSE
모두 때려 잡자 미꾸라지 죽창 죽창 일가 부패한 모습 참으로 부끄럽다 죽창 들 청 기와집 들어갔다 죽창 들 나온 부패하고 썩은 미꾸라지 죽창	FALSE
참 힘들 게살 어	FALSE
힘들게 공 세운 자유 민주주의 중국 같은 공산주의 사회 퇴보 되는 것 저지 하기 위해 보수 단체 존재 하는 거 자유 민주주의 사회 공산주의 바뀌는 것 일대 치욕 있을수 없는 일이 대북 원 등 배 이상 방위 비 청구 폭탄 날리는 것 미국 포함 전세계 적국 북한 대북 지원 강행 해 핵무기 제조 공모 죄 인정 되므로 북한 같이 제재 대상 된다는 상식 알아야 된다 북한 우호 적 관계 기대하는것 보다 미래 미국 관계 어떻게 될지 그런 것 걱정 하는것이 우선 아니겠어	FALSE
조 국수호 하 인간 들 도대체 뭐	FALSE
여사 님 같은 내조 본 적 없어요 ㅠㅠ 정말 감사 드려요 💙	TRUE
여사 님 한복 정말 잘 어울리셔요	TRUE
우리 영부인 님 항상 건강하시고 올해 우리 영부인 님 하시고 싶으신 거 다 해주세요	TRUE
여사 님 늘 감사 드립니다 💙	TRUE
김정숙 여사 님 항상 감사하고 고맙습니다 🙆🙆🙆🙆	TRUE
김정숙 여사 님 건강하세요 오늘 기 도합 니 🙏	TRUE
오늘 김정숙 여사 님 특히 더 아름다우세요 건강하세요 🙏💙	TRUE
여사 님 정말 너무 아름다우세요 💙🙏🙆	TRUE
한복 고우십니다	TRUE
저 아지 매는 뭐라도 된거 마냥 너무 설쳐 대는게 문제	FALSE
지가 뭐 된줄 알 어휴 ㅋㅋㅋ	FALSE
북 전쟁 준비 끝없이 노력 하는데 뭐 평화 삶은 소 대가리 웃는다	FALSE
참 지랄 하네	FALSE
문재인 씨 경상도 신경 쓸거 같냐 홍어 챙기기 바쁜데 힘 빼지 선거 때 투표 잘 하세요	FALSE
문 통 조국 같은 사회주의 자 입니다 세뇌 잘 된 전라도 국민 들 의견 존중 받아들입니다	FALSE
듣기 지겹다 쓰레기 조선 이 걸 뉴스 하냐	FALSE
나라 꼴 너 도나 국가 돈줄 풀어 대니 하나 더 먹을려고 하는 꼴 정말 막장 요	FALSE
문제 팔이 최측근 들 민주당 지역구 싹 쓸이 한다	FALSE
서울중앙지법 지난 “ 해경 구조 제대로 이뤄지고 있는지 공익 적 사안 공인 아니라 일반인 잠수 지원 자원 활동가 였던 홍씨 거짓말쟁이 허언증 환자 무차별 적 보도 했다 ” 며 조선닷컴 허위 보도 따른 홍씨 명예훼손 인정 했다 https://news.v.daum.net/v/20190126150239757?fbclid=IwAR2di2DajW7JrAp11mTBVgtz1rW0VVyn6VojnMZ23bFEXIRBIrkXu2fLKAU	FALSE
울산 하 명수 사건 유재 수건 삼 성 건 다 검찰 파헤치니까 검찰 개혁 부르고 검찰 헤체 있다 이 것 현실 국민 들 이런 썩 어빠 진정 권 철퇴 가해야한 다 국민 한 사람 한 사람 힘 합쳐서 저 극악 무도 파렴치한 문제 인 탄핵 하자	FALSE
이 판사 판 개판 언론 조선	FALSE
역사 적 조선 는 반성 많이 해야죠 독일 일본 얘기 전 보수 언론 반성 한적 있나요 대한민국 보수 이렇게 망 진것은 조선 No 아닙니까 왜냐하면 보수당 조선 시키는	FALSE
왜 문 정권 나서는 사람 많을까요 과거 이런 현상 있었나요 차 정권 아직 은 믿을만 하다 그런 뜻 아닐까 요 딱히 큰 흠 잡 것 없고 국민 지지도 특히 문 대통령 개인 대한 신뢰 무시 할수 없죠	FALSE
방 가 게 세 주 구 세 끼 s 방송 회장 니 넘 짜른 일 생일 대 최고 성공 더 러 운세 끼 할 일 없어서 방 가 주 구 가 됐냐	FALSE
우리 여사 님 원 력 스님 네 원 력 우리 국민 원 력 전세계 의원 력 평화 되어 하나 길이 유일한 길 임이되 기를	FALSE
달창 뭐라고 종교 계 가르치냐	FALSE
이 ㄴ 이 미쳤나 절 예수 찾냐	FALSE
정말 지도자 아 내답다 감사하다 이 나라	TRUE
나라 평화 화해 용서 사랑 가득한 진정 아름다운 역사 완성 되길 기원 합니다	TRUE
한반도 평화 💙 여사 님 감사해요	TRUE
효 너 문재인 할줄 아는게 이런 거 뿐 아련하다 너 정권 끝나고 죄 지은 거 있으 면죗값 꼭 받아라	FALSE
김용남 의용 방불 패 TV 문 정권 수천억 특혜 청주 게이트 열 린다 청주시 흥덕구 가경동 청주 고속버스 터미널 매각 공고 지목 주차장 “ 이상 지정 용도 사용 하지 않는 경우 계약 해지 한다 ” 특약 등기 조건 “ 이상 지정 된 용도 사용 하여야 하며 주차장 박차 장 승하 차장 유도 차로 등 시설 현 기준 이상 유지 하여 야한다 ” 장덕수 혼자 단독 입찰 거의 최저 입찰 가로 낙찰 시 의회 시 의원 질의 “ 민간 업자 사서 그 용도 안 쓰면 어떻게 하나 ” 청주시 교통 정책 과장 “ 용도 변경 해주는 거 생각 할수 없는 사항 ”	FALSE
김용남 의용 방불 패 TV 문 정권 수천억 특혜 청주 게이트 열 린다 ! !https://www.youtube.com/watch?v=ogaalDqrwLU	FALSE
층 주상 복합 짓고 일부 고속버스 터미널 사용 하니 문제 없다 주 장하나 용도 변경 될줄 알았으면 누구 빚 내서라도 낙찰 받음 입찰 공고 동안 터미널 부지 용도 사용 해야하며 안 그럴 경우 계약해제 명시 특약 등기 되어 있는데 도시 계획 변경 됨 시 의회 시 의원 질의 “ 민간 업자 사서 그 용도 안 쓰면 어떻게 하나 ” 청주시 교통 정책 과장 “ 용도 변경 해주는 거 생각 할수 없는 사항 ” 불가능한게 가능해 짐 감사원 감사 자료 요청 했는데도 자료 제출 안함 감사 결과 불문 처리 문재인 박종환 장덕수 삼총사 권력 형 게이트	FALSE
김정숙 장덕수 병문안 당시 동석 자 문재인 지기 한국 자 유총 연맹 총재 박종환 김정숙 병문안 한 달 후 장덕수 주상 복합 청주고 속 터미널 용도 변경 신청 청주 도시 관리 계획 변경 고시 고속버스 터미널 포함 일대 거의 장덕수 측 소유 가 주상 복합 부지 상업 용지 용도 변경 상업 용지 용적 율 . 대지면적 배 건축물 지을수 있는 대박 사업 특혜 의혹 으로 주상 복합 아파트 판매 시설 공연장 부대 시설 지어 분양 하면 분양 대금 총 액 이상 수익 이상	FALSE
여사 님 사랑 합니다 💙💙💙💙💙💙💙🙆	TRUE
김정숙 여사 님 항상 응원 합니다	TRUE
아무리 힘들어도 자살 안됩니다 죽어 영혼 다른 좋은 곳 태어난다는것은 종교 만들어 넨 환상 일 뿐입니다 인간 동물 이기 영혼 소멸 되고 육체 흑 될 뿐입니다 죽으면 죽은 사람 불쌍한 겁니다 스스로 불쌍한 사람 될건 가요	FALSE
ㅡㅡ 마사회 퇴 출시 켜 국민 들 호주머니 거지 만들고 상습 도박 가정 파탄 주 범 마사회 왜 이런 마사회 있는지 이해 할수가 없다 경마 때문 패가망신 사람 한두 명 아니다	FALSE
흥미롭네요	TRUE
지랄 풍년 이 여론 나올 일이 경제 다 죽여놓고 자살 하는 가족 늘어나는데 경제 살려나	FALSE
부처님 보살핌 가득하시길 바랍니다 여사 님 그리고 온 국민	TRUE
김정숙 여사 님 사랑 합니다 💙💙💙🙆	TRUE
김정숙 여사 님 사랑 이십 니 태도 느껴지는 단 아함 기품 늘 고맙습니다 🙏🙆	TRUE
여사 님 늘 건강하세요 💙	TRUE
김정숙 여사 님 최고 bb	TRUE
불상 비밀 불상 선지 식 인분 우리 들 보고 깨닫고 살아가는 메세지 주고 있는 타임캡슐 인것 입니다 연꽃 물 수생 하는 식물 로서 물 상징 있는 것 연화 대 위 앉아 있는 부처 우리 들 물 깔고 앉으라는 것 나타내는 것 오른손 손가락 세 개 펼쳐 보인것은 삼 십년 세월 실행 하 것 이마 빛나는 보석 그렇게 실행 하면 깨달음 있다는 것 나타낸 것 선지 식 인분 우리 들 오랜 세월 동안 메세지 주고 있었던 것 입니다 미륵 말씀 http://blog.daum.net/mbbbk	TRUE
대웅전 앞 소금 뿌려라 재수 엄따	FALSE
이리 기웃 저리 기웃 하면서 나 퍼스트레이디 하는 걸 즐기는 천박한 여자 일 뿐 대선 전 낸 책 제목 어쩌면 퍼스트레이디 저 한복 국민 세금 고혈 쥐어 짜서 또 새로 특별히 맞춘 옷 겠지 돼지 목 진주 목걸이	FALSE
ㅋㅋㅋㅋㅋㅋㅋㅋ	TRUE
쑈 영혼 팔 먹어야 한다	FALSE
표 때문 뭘 길게 설명 하냐 총선 다가온다	FALSE
쇼 하는것 배웠냐	FALSE
치매 걸렸으니 돌은거지 ㅋ	FALSE
종교 정치 적 이용 하는 인간	FALSE
개념 없는것 들	FALSE
가긴 왜 갔겠어 ㅋㅋㅋㅋ 주책 떨러 간 거지 ㅋㅋㅋㅋ	FALSE
천주교 상관없어요 절 가도 여기 저기 다 좋은	FALSE
절밥 맛있다는 소문 들어서 ㅋㅋ	TRUE
선풍기 아줌마	FALSE
아 휴 깜짝	FALSE
신랑 정신차리도록 내조 좀 확실히 하도록	FALSE
쳐 박혀있어라	FALSE
참 더럽게 설쳐 대네	FALSE
이마 보톡스 필러 좀 그만 맞아라 너무 빵빵 살이 정말 찌 찌	FALSE
스님 표정 어쩔 ㅎㅎㅎ	FALSE
쇼 좋아하는 가증 덩어리	FALSE
박정희 교 신도 들 큰 애 똥파리 빠는 구더기 떼 들은 박 큰 애 핥는 일 아님 발광 지진 태풍 장마 덮어질 집단	FALSE
부끄럽다 북괴 우상 화한다고 김정숙 시도 만드는데 우리 못 하냐 김정숙 시 지명 된 도시 하나 없고 김일성 김대중 같은 동상 없고 광주 김대중 컨벤션 센터 같은것도 없고 부끄럽다 꼭 북괴 금강산 어록 북한 산 바위 새겨놓고 우 덜 식 민주주의 하는 문 재앙 나라 빨리 되라 문샬 이니 후 아르 바크	FALSE
기독교 달 리 천주교 모든 종교 수용 다 기레기 기본 ㄷ 모르고 여론 호도 해서 편 가르기 하냐 ㅉㅉ	FALSE
쇼 좋다 닭뇬 이런 쇼 안했드 그 시간 뭐 했으까 나 그것 알고시 푸다 ㅋ	FALSE
그게 조절 가능한가요 ㅠㅠ	FALSE
여행가 코끼리 말 다 타지 마 타면 뭐 해요 사진 찍어 뭐합 인스타 사잔 호랑이 도 사진 찍어 올리던데 정말 개념 없다는 생각 안듭니 얼마나 모자라기에 동물 이용 해 사리 사욕 채우고 그걸 또 좋다고 이용 하나요 좋다고 타고 사진 찍는 사람 들 미개해 보입니다	FALSE
사람 문제 사람	FALSE
겨어 사람 문제	FALSE
인간 한도 끝 없이 어리석어 문제 입니다	FALSE
본인 사람 아니라는 전제 하 쓴 건가 요즘 애완동물 들 인터넷 한다는 소문 사실	FALSE
동물 학대 하는 사람 들 그 죄값 본인 들 후손 고스 란 히 갑니다	FALSE
진지하게 죄값 논 하셔서 그런데 성경 죄값 자기 자신 진다고 합니다 굳이 왜 죄 없는 후손 ㅎㅎ 죄 지은 사람 회개 예수님 믿어 죄 사함 받는게 가장 공평하죠	FALSE
작성자 분 기독교 말 꺼낸 적도 없는대 왜 성경 들고 나오 새	FALSE
예수 쟁이 들 제일 싫어	FALSE
저런 개 쓰레기 후손 생각 할까 요 절대 안 합니다 지금 당장 지가 중요하지	FALSE
본 이이 됬든 후손 됬든 저런 몹쓸 짓 하는 인간 들 언젠가 꼭 천벌 받습니다 꼭	FALSE
지금 세상 많이 변했죠 죄 졌다고 해서 죄값 주는세 상이 아닙니다 그래서 주변 환경 중요하죠 보이는데로 신고 교육 해야하는 정의 정말 미약 한세상 입니다	FALSE
그 후손 들 받는 본인 받든 피해 갈수 없지 반드시 받게 되리라	FALSE
수많은 동물 들 학살 해서 문명 건설 인류 후손 바로 너	FALSE
니 조상 들 죄 어서 니 그런거야	FALSE
가슴 찢어지네요 인간 제일 잔인해요	FALSE
글쎄요 성 선 성악 섞여있다고 생각 되네요 어릴 때 유독 다른 존재 괴롭히는 데 즐거움 느끼는 애 들 있고 타고나길 선해서 평생 고생 하는 애 들 있어요 죽 때 그걸 가리는 사회 적 기술 커버 하는 거지 저 두 본성 기본 적 안 바뀝니다	FALSE
과연 내 모기 죽일 때 마음 생각 해보면 흠 모두 같은것 같은데	FALSE
해외 갔을 때 말 두 마리 없는데 그거 한번 타고 해변 돌겠다고 줄 서서 기다리더라 다 한국 사람 말 쉴 시간 없이 수십 명 되는 사람 들 태운다고 계속 타고 돌고 내리고 타고 돌고 내리고 그거 타고 해변 돌면 뭐 가더 좋다고 튼튼한 다리 걷자	FALSE
아 정말 왜 저러는지 요 번 어떤 다큐 보 아직도 해외 나가서 코끼리 등 타고 관광 하는 사람 들 있던데 수요 없으면 공급 없을테니 제발 그런거 소비 하지 맙시	FALSE
동물학대 없는 세상 왔으면 합니다	TRUE
그게 바로 천국 입니다 즉 약자 배려 주변 살피는 것 요	TRUE
인간 같지도 않은것 들이 왜케 많은지	FALSE
스리랑카 코끼리 학대 해서 돈번것 관람 관광 해서는 절대 안 돼 저런것 관람 관광 한 것 역시 코끼리 학대 한 것 매하 가지 임 모피 사라지려면 모 피안 입는게 답 이 듯이 안 한게 답임 저렇게 악 미 짓 해서 돈번것 들 희귀 질병 걸려서 처참하게 죽거라	FALSE
코끼리 타겠다고 줄 있는 사람 들 중 알 보니 한국인 들 젤 많을까 바 심히 걱정 됨 제발 타지마 본인 들 키로 넘는 사람 업고 돌고 싶어 동물 들 뭔 죄	FALSE
데려오지 않았으면 수도승 안 죽었겠지 코끼리 필사 적 살려고 행동 건데 너 네 얼마나 학대 했으면 세 노인 잘못 넘어져서 머리 다쳐도 하늘 간다	FALSE
코끼리 쇼 코끼리 타는 관광 코스 다 저렇게 길들여진 코끼리 동원 된다 멀리 찾을 것 없이 제주도 있음 사람 들 안 찾으면 저런 잔인한 길들이기 관행 없어진다 제발 코끼리 쇼 보지마라	FALSE
코끼리 아저씨 저 쓰래 기 들 바닥 눕혀놓고 살짝 즈 려 밟아주면 내장 바깥 공기 좋다고 튀어나올텐대 아쉽구만 기	FALSE
나 동물 좋아하고 사랑 한다고 생각 해 왔었습니다 하지만 요즘 방영 되고 있는 휴 머니 멀을 보며 많은걸 느끼고 있습니다 코끼리 그런 학대 받으며 굶주리며 노동 착취 당하며 살 있다는 사실 너무 마음 아프더라구요 너무 미안하고 미안하다는 생각 안듭니	TRUE
동물 타지 사진 찍지말고 공연 보면 안됩니다 모두 동물학대	FALSE
결국 다 되돌아와서 그 화 받게 될것이다 말못하는 짐승 함부로 대하지말자	FALSE
코끼리 밟혀 봐야 할텐데	FALSE
나도 저 사람 들 똑같이 하고싶당 ㅠㅠㅠ	FALSE
정말 천박하기 그 없다 다음 생 자신 학대 코끼리 학대 당하는 동물 태어나길 빕니다	FALSE
천벌 받기를 수요 없어지면 이런 학대 없어집니다	FALSE
유희 위해 남 고통 주고 희생 시키는 포유류 오직 인간 뿐	FALSE
이제 제발 그만	FALSE
제발 해외여행 가서 코끼리 말 사자 다른 동물 들 타지 마세요 그것 또한 학대 입니다 학대 동참 하지 마시길	FALSE
사람 문제 동물 들 당신 들 멀 그리 잘 못 했냐 죄 없는 동물학대 그만 좀 해 인간 인간 답지 못 하면 동물 못 한거 아니냐 똑같이 해줘야 정신차리지	FALSE
코끼리 정말 영리하고 예민하고 감정 풍부한 동물 미개한 국가 동물 호보 개념 없음	FALSE
동물 학대 하지 말 아라무 몽매 인간 들 동물 감정 있고 고통 받으면 신음 한다 이 악마 들	FALSE
동물 학대 하는 인간 긴 말 필요 없다 잡으면 똑같이 하자 이건 전 세계 법 똑같이 규정 해서 실행 해야 한다	FALSE
제발 천벌 받기를	FALSE
동물 이용 관광 하지맙시 지도 회최리 하루 종일 맞아 봐라	FALSE
인간 들 진짜 싫다 구역질 내 인간 동물 들 죄 스럽다	FALSE
시골 사람 들 순수하다고 하는데 원시인 들 많다는 사실 ㅠㅠ	FALSE
사람 수준 아무리 천차만별 이라지만 저 상태 코끼리 때리면 속이 시원한가 무슨 이득 있길래 저렇게 사나	FALSE
왜 이러는 걸까 요 대체 언제 쯤 이면 이런 일이 사라질까 요	FALSE
지구 상 사람 멸종 되면 되는데 사람 만든게 재앙	FALSE
스리랑카 원래 인간 같지도 않은 것 들 아니나 다를까 동물 하는 짓도 그렇네 다음 태어날 때 지금 바퀴벌레 별다를 바 없는 족속 들 바퀴벌레 태어나라 불 태워줄게	FALSE
태국 제일 심각하더군요 아기 코끼리 훈련 나이 제일 어리고	FALSE
불교 행사 강제 단식 멀쩡한 코끼리 굶 겨 죽 그걸 보고 뭘 깨우쳐 역시 더럽게 미개하고 무식한 스리랑카 새끼 들답다	FALSE
정말 저런 사람 들 천벌 받고 지옥 갔으면 좋겠어요 이세 상 동물 들 사람 없으면 행복해질 꺼예요 ㅜㅜ	FALSE
사람 이면 사람 답 행동 하세요 동물 동물 살수 있는 권리 있습니다 언제 이런 사진 봐야하는지 정말 화가 나네요	FALSE
정말 왜 저래 ㅜ 똑같이 당 해봐야 정신 차리려나 얼마나 괴로울까 저 코끼리 빠른 조치 필요할듯 보이네요	FALSE
스리랑카 역겨워 미개한 새끼 들	FALSE
동물 공연 관람 체험 동참 하지 않으면 없어집니다 수요 없으면 공급 없어지겠죠	FALSE
동물 들 건 들 맙시 제발	FALSE
저 들 똑같이 되 갚아 주는 국제 법 제정 하든가 아님 불법 이긴 하지만 저 들 사 살해 버리거나 신체 중 어느 하나 허전하게 하는 그때 그때 바뀌는 팀 만들든 가	FALSE
제발 천벌 받기를	FALSE
저런 곳 여행가 절대로 동물 이용 관광 하지 마세요 그 아이 들 학대 당하고있는게 거의 우리 즐겁게 하기 위해 큰 고통 감내하고 있으니 절대 타지 구경 하지도 마세요	FALSE
왜 저래 너 목마 좀 타 보 자 코끼리 안타 돼 사람인 너 네 끄는 마차 타는게 재밌겠다 그러고 니 네 자식 불구덩이 위 뛰어 더니 부모님 아크로바틱 하면 너무 재밌울거야 그러니까 코끼리 이제 놔줘라	FALSE
동물 들 이용 돈벌이 모두 없애야 한다 동물원 등	FALSE
저 저쪽 하는 코끼리 길들이는 방법 임 고분고분해질 때 채찍 꼬챙이 계속 고문 함 코끼리 사육 하려는 게 문제 시발 점임 진짜 저 사람 들 반드시 큰 벌 받을 거임	FALSE
사람 먼저 한 사람 문득 생각나네	TRUE
내 동남아 안감 같은 인간 같지가 않아	FALSE
재미 사냥 기념 사진 찍겠다고 학대 사람 자격 없는 개 돼지 못	FALSE
인도 그랬음	TRUE
보호 해야 한다 그러니 천벌 받지 인간 젤 잔인해	FALSE
제주도 돌고래 쇼 가지 마세요 부모 들 아이 데니 가지 마세요 학대 돌고래 들 눈물 흘려요	FALSE
동물학대 하는 사람 들 죽으면 저 승가 천벌 받는다는 말 그냥 하는거 같죠 죽으면 동물 기다렸다가 지옥불 던져 넣는다는 말 못 들어 보셨나요 말못하는 동물 들 제발 학대 하지 맙시	FALSE
아 휴 진짜 적어도 괴롭히고 고통스럽게는 절대 절대 하지말아야지	FALSE
동물 아동 학대 하는 인간 의 특징 교육 대한 잘 못 된 인식 가지 있거나 교육 과 학습 의미 이해 못 하는 저능 거나 사이코패스 거나 셋 중 하나 근데 대부분 저능 더 그니까 아동학대 든 동물학대 하는 인간 들 세상 탓 남탓 애탓 동물 탓 하지말고 니 대가리 똥 먼저 치울 생각 해라	FALSE
아 진짜 스리랑카 미개하다	FALSE
하 미친 인간 들	FALSE
동물 해방 두 말 다 들 정신차렸으면	FALSE
안타깝네요 얼마나 고통스러울까 ㅜㅜ 동물 걍 놔두면 안될까 요 그 들 맞으면 아파하는데 왜케 인간 들 동물 괴롭힐까 요 선 악 중 악 더 지배 적 그럴까 요 세상 악마 더 많은 가봐요	FALSE
동남아 여행가 진짜 코끼리 타고 인증샷 올리는 사람 들 넘 싫다 내 주변 여행가 코끼리 등 에타 사진 찍은 사진 들보 사육사 먼지 하는 현지 날카로운 꼬챙이 들 있는거까지 보임 꼭 본인 때려야만 학대 아님 그걸 좋다고 타고 다니는 당신 들 동물학대 범	FALSE
코끼리 일어나서 저 것 들 짓 밟아 죽였으면 속이 시원하겠네	FALSE
더 많은 사람 들 볼수 있도록 블로그 스크랩 할수 있게 해주세요	TRUE
진짜 질린다 저런 인간 들 ㅜㅜ	FALSE
아 진짜 너무 화난다 저런 거 볼 때 너무 속상해서 눈물 남 ㅠ ㅠ 코끼리 ㅠㅠㅠㅠㅠ 동물원 내 싫어하는 이유 ㅠ ㅠ ㅠㅠㅠㅠㅠㅠㅠㅠㅠㅠㅠ	FALSE
코끼리 관광 하지 마세요 코끼리 귀 난 무수 상처 보셨는지요	FALSE
코끼리 관광 없애주세요 하지 마세요 타지 마세요	FALSE
저런 미개한 인간 들 사냥 해가지고 붙잡아서 목화 밭 일 시 켜 야한다	FALSE
저 사람 들 욕 할거 없다 여행가 코끼리 말 낙타 구경 타는 사람 들 문제 그 사람 들 없다면 저렇게 고통 받을 일도 없다	FALSE
동물 사랑 합시다 제발	TRUE
저 망할 넘 납작하게 짜 부를 만들어 버려야하는데 코끼리 걍 콱 밟아 버려 그러면 또 사람 죽였다고 말못하는 동물 누명 씌우겠구나 아 열 받네 🤬	FALSE
미개한것 들	FALSE
코끼리 도데 체 왜 타냐 제발 좀 그대로 내버려 둬라 인간 들	FALSE
진짜 인간 없으면 이 지구 괜찮을 듯 싶다	FALSE
김정숙 여사 님 사랑 이십 니 늘 응원 있습니다 💙💙💙💙	TRUE
앞 절 땡중 들 단 한 푼 안줄것 임 맹세 한다	FALSE
자유 반 쪽발이 흉노 잡종 할렐루야 들 참수 정답	FALSE
할렐루야 너 네 놈 먹사 앞 빤스 내릴 수 있냐	FALSE
남북 종교인 함께 하는 한반도 종전 선언 평화 정착 위 기원 대회 북한 진짜 종교인 어디 있냐 선전 용이 땡 중 새끼 세금 한 푼 지원 받으면 대가리 목탁 뽀 개 버린다	FALSE
하다하다 이 젠 북한 절간 지어주네	FALSE
선전 선동 끄나풀	FALSE
대한민국 신경 쓰세요	FALSE
남북 민간 교류 부처님 자비 북 널리 퍼지길 기원 합니다 한반도 평화 통일 기원 합니다	TRUE
실천 승가 횐 뭔 지 출신 듯	FALSE
자유 반 쪽발이 흉노 잡종 할렐루야 새끼 들 말살 최종 해결 책	FALSE
파키스탄 불교 유물 관심 없을텐데 사들여서 한국 보관 하는게 어떻겠냐	FALSE
불교 국가 리스트 내 알기 파키스탄 이나 동남아 인도 중국 한국 일본 알고있는데	TRUE
교수 님 응원 합니다 상담 계 발전 하길 더 바랍니다 저 참여 하겠습니다	TRUE
상담 질 높이 전문성 강화한 자격 관리 지금 잘 이루어지 기를 희망 합니다	TRUE
성 교수 님 축하 드립니다 은 조 혹 상담 자격 법 제화 통해 혼란 상담 자격 정비 하는 한 해 되 기를 기대 해봅니다	TRUE
치유 위로 필요한 이 들 도움 되는 상담 심리 학회 되길 바랍니다 응원 함께 하겠습니다	TRUE
우아 이 글 너무 좋아요 제목 기막힙니다 글 읽으며 저 정신 살짝 때려주고 가는 마치 혜성 나타났다 사라지는 순간 그렇게 산뜻하게 밝게 ᆢ 사람 대하 자세 새 마음 다 잡아 봅니다 감사합니다	TRUE
안타깝고 안타깝다 하지만 이 지금 문재인 정권 탓 전 정권 들 때 얽히고 섥힌 유착 아닌가 무 튼 벌 받을 사람 벌 받고 억울함을 잘 풀길 바랍니다	TRUE
이명박 그네 똥 치워도 치워도 끝 없구나 자 한당 것 들 협조 없이 무조건 반 대만	FALSE
말 되는 소리 좀하세요	FALSE
정신병 자아 님	FALSE
매우 맞는 말 입니다	TRUE
지 섹 디져 봐야 정신차리지	FALSE
나 대가리 깨져도 문 깨 머 시방	FALSE
아따 꼬 딱지 만 전라도 동네 깨끗하게 청소 하고 그딴 소리 하쇼잉	FALSE
우 덜 식 그 쪽 과학	FALSE
안타깝지만 ᆢ 뒤 직업 데모 꾼 들이 있는한 국민 지지는 없을 겁니다 명절 잘 보내세요	TRUE
정말 멋지십니다 고인 명복 빕니다	TRUE
고인 명복 빕니다 힘없는 분 들 목소리 기사 힘 실어 준 것 감사합니다 독자 입장 마사회 문제 기사 구체 적 드러나지 않아 아쉽습니다 그 부분 보강 되면 좀더 공감 할 수 있는 기사 될 것 같아요	TRUE
와 왜 이 젠 집 수도꼭지 고장 나도 문재인 탓 하지 그러냐	FALSE
한국 모든 적폐 비리는 정부 혼자 해결 할 수 없습니다 검찰 개혁 문제 청와대 압수수색 당했고 대낮 대규모 집회 열어 내란 선동 질 해도 공권력 방관 있죠 한국 사회 문제 일제 강점 기 동안 양성 된 반민 족자 들 기득권 남아 지금 국가 민족 위 하는 사람 들 빨갱이 일제 때 처럼 부르며 자신 들 정치 적 위치 지키고 있기 때문 입니다 국민 한 사람 사람 깨어나서 거대한 적폐 세력 발 붙일 곳 없어 질 때 모든 문제 해결 되어 갈 겁니다	FALSE
공감 합니다	TRUE
애쓴다 뭔 반 민족주의 자 ㅉ	FALSE
부패 온상 경마장 한국 마사회 철퇴 ᆢ 이제 좀 맑고 투명하게 운영 되게 합시다	FALSE
공기업 비리 척살 청와대 나서서 직접 수사 해라 조작 선동 경마 국민 피빨 먹고 죽인다	FALSE
이명박 그네 정부 때 생긴 거대 똥 들 치워도 치워도 끝 안보 인 하나 씩 해결 하려고 노력 계실테니 잘 해결 되길 바랍니다 그나저나 이명박 그 네 잔당 들 협조 안해 걱정	FALSE
이명박 그네 똥 아주 오 질라 싸놨구만	FALSE
개 마이 뉴스	FALSE
아이 들 생각 해서 살아서 싸우시지 안타깝게 아내 추운 겨울 날 대신 싸우네요 인제 차별 없는 세상 영생 하세요	TRUE
저 렛츠런파크 조사 해봐 야한다	FALSE
마사회 읎애부려	FALSE
안타깝고 비통한 심정은 감히 헤아리겠으나 모든 것 현 정부 탓 인것마 냠 돌리는것은 아닌것 같습니다 너무 많이 엉 켜있는 실 타래 차근차근 풀어 보려 정부 및 모든 기관 국민 들 노력 해야 한다고 생각 합니다 두 분 또 같은 상황 놓은 많은 분 들 어찌 됬든 꼭 힘내세요	FALSE
경마 도박 조작 파헤치고 없애 버리길	FALSE
옛날 같으면 하이에나 들이 때 거지 붙어서 물어 떴을 거인 디 이 정권 같은 편이 강 건너 불 구경 하고있 제 누가 썩어 빠진 사 회단 쩨 들	FALSE
꾼 들 이번 그 기 갔구나 순수 성 의심 된다	FALSE
너 땜 못	FALSE
아침 운 구차 옆 지나서 출근 하는데 서늘해 죽겠습니다 다른 방법 시위 했으면 좋겠네요	FALSE
경마장 비롯 도박장 가는 놈 들 다 인생 끝 자락 죽지 않는 놈 들	FALSE
문재인 소득 주 도성 장 폐기 해 야합 다 이유 밑 빠진 항아리 물 세금 붓기 입니다 나라 세금 만들아 갈 뿐 절때 나라 발전 할수 없는 정책 입니다 탈 원전 정책 폐기 해 야합 다 태양광 바다 산 오염시키 고저 효율 발전 입니다 여태껏 나라 발전 한 것 원자력발전 이 크게 발 전시 켜써요 전기 가바 생명 입니다 병원 전기 없 쓰면 환자 위태옵 씁니다 생각 해보니 문재인 정책 대한민국 어긋난 정책 입니다 황교안 대표 님 견과 장 책 대한민국 위 나라 사랑 하 길 입니다 진심 입니다	FALSE
비리 너무 많지 현금 장사	FALSE
오늘 보러 갈께요	TRUE
브리 옹 하고시 픈거 다 하고 먹고시 픈거 다 묵고 가자요 낼 봅시다 ♡♡	TRUE
공연 전 머 천 줄 서 잇는데 브라이언 갑자기 밖 나와 인사 해준건 대박 ㅜㅜ 이렇게 깜짝 매너 좋으실까	TRUE
얼마 일까	TRUE
폭망 시킨 나라 만큼 국민 들 답 할 듯 합니다 그대 들 망 뜨 린 대한민국 국민 들 바르게 심판 할 것 입니다	TRUE
우리나라 모든 국민 세금 내고 있단다 갓 태어난 애 돌아가실 날 가까운 노인 분들 직접세 뭔 지 간접세 뭔 지도 모르는 애가 유튜브 보고 댓글 질	FALSE
도종환 새끼 또 꼭두각시 짓 하나 봅니다 평양 냉면 처 먹다 비리 꼭두각시 하고 튀어 버린 썅느므 사기꾼 새끼 들 새해 문체부 국민 체육 진흥 공단 체육 진흥 투표 권 발매 사업 대 조작 사기 적폐 범죄 꼭 청산 되길 한자리 해처 먹기 바쁘고 국민 문체부 스포츠 산업 과장 현 저작권 산업 임아영 주무관 김상미 감사 운영 지원 직무 유기 공무원 카르텔 뒷 통수 후려치기 당해야 합 평양 냉면 처 먹다가 비리 꼭두각시 짓 하고 튀어 버린 도종환 새끼 총선 전략 공천 관리 자임 소시오패스 사기꾼 새끼 들 ㅉㅉ	FALSE
어 문재인 뭔가 이상한데 나 전남 출신 강남 특목고 폐지 검찰 중립 권 폐지 모두 좌파 들 원하는 데 모두 해줘 봐 빠찐코 할 때 경찰 매달 받치고 검찰 돈 안 먹히던데 강남 가락동 주점 할 땐 매입 하는 맥주 한 병 팔고 실재 도 안되는거 에 팔았어 호구 씩 받고 그게 법적 위법 안 돼서 가락동 룰 보수 좌파 헌법 헛점 악용 증거 멸 아녔어 좌파 적폐 청산 그럼 무상 복지로 노력 안 일 하기 싫은 애 들 양심 있게 사는 서민 들 욕먹이고 부자 질투 심 느끼는 양 아치 좌파 게 증명 될거 아냐	FALSE
전략 공천 없어져야 한다	FALSE
다 떨어진다	FALSE
그래도 민주 팔이 뽑는다면 넌 전라디언 이 거나 전교조 민노총 공무원 겠지 아닌데 뽑는다면 개돼지 인증	FALSE
문희상 아들 공천 권 준다면 국민 적 분위기 봐서 민주당 이번 선거 참패 따 논 당상	FALSE
전략 공천 하지 마세요 민주주의 시대 전략 공천 말 되는 소립 김정은 공산당	FALSE
문 석 균 무소속 출마 해라 ᆢ 낙하산 내려오는것 토박이 다 낫다 ㆍ	FALSE
문 돼지 뒷 통수 작살 났구나 뒷 통수 모르냐	FALSE
청와대 출신 들 구 새누리당 우세 지역 가라 민주당 약한 사람 나와서 어쩔 수 없이 새누리당 뽑았다 그런 지역 가라 이미 민주당 우세 지역 준비 하던 사람 들 있다 거기 가서 쉽게 발 담그지마라 싸움 하면 폭망 선 이상 청와대 출신 들 험지 가라 청와대 출신 들 유명 세 믿고 나오면 국민 동의 얻기 어렵다 토착 왜구 물리치려면 내부 똘똘 뭉쳐야 한다 민주당 우세 지역 개 소나 지금 나온다고 난리 경선 과정 감정 싸움 척 지고 방해 하면 갈라진다 경쟁 후 당선 된 사람 방해 밀어줘라 그 래야 다음 있다	FALSE
그냥 전라도 니 들 먹어라	FALSE
조아요 열 심 히 하 세요	TRUE
보수 통합 하 않아도 한국 당 제 당 확실하다	FALSE
지금 좌파 폭정 국민 들 불안해 하고있어요 부동산 검찰 개혁 모두 힘 밀어 부쳤는데요 이제 보수 각 당 명분 나라 살린다는 큰 뜻 뭉치세요	FALSE
자유 한국 당 피 터지는 막장드라마 시작 하는가	FALSE
여야 막론 의정 활동 중 주둥아리 함부로 놀려 국민 들 마음 상처 준 정치인 골라내면 대성공 입니다 이런 정치인 들 낯짝 들 국회 활보 다닌다면 그 정당 패가망신 할 겁니다 줏대 없이 의정 활동 관심 없고 오로지 지 도부 눈치 보면서 행동 하는 로봇 형 정치 이런 부류 사람 들 솎아내 국민 신뢰 받을 것 입니다	FALSE
자유 한국 당 황교안 대표 님 김형오 위원장 님 국민 들 적극 적 응원 합니다	TRUE
제발 자유 우파 전부 똘똘 뭉쳐 압승해 어렵고 어려운 자유 대한민국 꼭 구해 주세요	FALSE
황 교주 본인 자리 찾아가라 빤츠 먹사 옆 ㅎㅎ 딱 그 기 당	FALSE
저 것 들 똑같이 당 해봐야 고통 알	FALSE
잔인한 사람 들 코끼리 트래킹 코끼리 쇼 타지 보지 말 야한다 이렇게 죄 의식 없이 동물 학대 하는 인간 들 언젠가 천벌 받을꺼다	FALSE
예전 태국 코끼리 쇼 보다가 마음 넘 불편해서 중간 나왔습니다 그 아기 코끼리 들 그런 쇼 익히기까지 어떤 고통 있었을까 하는 생각 들 다 해주시기 바랍니다	FALSE
인도 스리랑카 간강 아님 납치 폭력 학대 사람 새끼 들 아님	FALSE
윗 글 ㅇㅈ 빈부격차 좋 내 심해	FALSE
스리랑카 가보긴 함 인도 스리랑카 언뜻 비슷해 보이 사람 성향 자체 완전 다름	FALSE
스리랑카 인도 다르다 스리랑카 가보도 안 글 싸지르지 마라	FALSE
한국 여자 들 저런 나라 들 한국 여성 살아가기 힘든 나라 징징대던데	FALSE
그래도 인도 한국 성인 감수성 높은 국가 입니다	TRUE
저 지금 스리랑카 있는데 인도 국민성 완전 달라 제 너무 좋은 스리랑카인 들 만난 걸까 요 한국인 매우 우호 적 착한 사람 들 많은데 이런 글 보니 너무 씁쓸하네요	FALSE
기 막혀서 욕 안나 온다 코끼리 그냥 인간 들 뭉 개 버려라	FALSE
내가하고 싶은말 임 ㅠㅠ	TRUE
스리랑카 정부 학대 범 들 태형 대로 처벌 해라	FALSE
사람 죽이는 코끼리 많죠 사람 구 해준다는 팩트 아니구요 그것 관계 없이 동물보호 신경 써야하는게 사실 이 단지 인간 이유 그 들 위 굴림 할 이유 못 되니깐 요	FALSE
코끼리 쇼 관광 위 코끼리 훈련 위해 어린 코끼리 들 울부짖는 와중 어미 생이별 시킨다고 합니다 그리고 원 치 않는 훈련 쇼 동원 죽 때	FALSE
코끼리 대 로 붙으면 발의 먼지 못 것 들 비겁하게 도구 사용 해 손 발 묶어 놓고 때리냐 인간 동물 중 제일 잔인하지	FALSE
지구 인간 사라지면 완벽함	FALSE
동물 고통 느끼고 감정 있습니다 그 들 연민 가져주세요 동물 폭력 반대 해주세요 소 돼지 등 동물 좁은 공간 갇혀 살다가 죽습니다 공장 식 축산 업도 동물 폭력 학대 입니다 ㅠㅠㅠ	FALSE
코끼리 울부짖는 소리 고통 느껴지는데 ᆢ 저 사람 들 감정 없는 건가 ᆢ 어찌 저리 학대 하는 건지 얼마 전 다큐 코끼리 상아 때문 몸통 두고 머리 통채 절단 된 모습 보고 사람 저리 잔인할수 있다는 것 경악 스러웠다 사람 동물 학대 제발 가장 큰 형벌 주어 한다	FALSE
제발 여행가 코끼리 말 동물 타지 좀 말아라 관광객 문제 어휴 그런 여행사 상품 불매 하자	FALSE
롯데 월드 아쿠아리움 벨루가 보러가는 당신 벨루가 학대 최종 소비자 해양 동물 쇼핑몰 수조 키우는게 말 되나요	FALSE
인간 쓰레기 들 똑같이 당 해봐야 돼 빨리 구조 했으면 좋겠어요 불쌍해서 어떻게 해 ㅜㅜ	FALSE
자동 생산 시설 라면 봉지 유통 기한 제각각 묶음 봉지 생산 가능한가요 보건 당국 철저한 조사 처벌 및 재발 방지 부탁 드립니다	FALSE
진짜 코끼리 딱 한번 힘내서 저 인간 들 밟아 죽여라	FALSE
죽여 버리고싶다	FALSE
동물 관련 관광 찾는 사람 들 있으니 저런 학대 당하는 겁니다 동물 시 승 동물 곡예 같은 관광 하지맙시	FALSE
태국 등 동남아시아 동물 쇼 관광 없애야 한다	FALSE
동물 들 좀 괴롭히지 마라 제발	FALSE
동남아 관광 가서 제발 코끼리 악어 쇼 이런거 하지 마세요	FALSE
자비 앞세우는 불교 국가 사원 동물 이런 악한 짓 가증 스럽다 미개한것 들	FALSE
통신사 국가 방관 있는거지 돈 거든 스펨 문자 들 마찬가지	FALSE
진짜 휴 ㅡㅡ 동물 쫌 괴롭히지말자 인간 측은 지심 없노 ㅡㅡ	FALSE
인간 아니다 저런 인간 들 똑같이 당했으면	FALSE
십년 전 결혼 해서 태국 신혼여행 가서 패키지 있는 대로 코끼리 타고 한 바퀴 돌고 사진 찍고 했어요 ㅠ 그땐 코끼리 불쌍하 다기 무섭다고만 느껴서 타기 꺼려 했지만 다 들 차려 진행 하니 얼결 탔는데 그 이후 알겠더라구요 코끼리 얼마나 힘들었고 학대 당한거였는지 진작 알았으면 하고 후회되었어요 그땐 그런 것 들 너무 몰랐네요 지금 그런 여행 패키지 없어졌으면 좋겠네요	FALSE
똑같이 고통 당하기를	FALSE
천벌 받을 인간 들 아우	FALSE
현실 알고도 간다 돈 지불 한다면 당신 똑같은 인간 본인 들 즐거움 때문 동물 학대 고통 사지 마세요 이제 좀 바뀝시다	FALSE
죽일 놈 들	FALSE
스리랑카 가서 코키리 안타 야한다 새끼 코끼리 들 묶어놓고 때리고 찌르고 굶기고 정말 인간 들 이 악마	FALSE
대형 마트 공개 해도되 잖아요 어디 서산 라면 그랬는지	FALSE
저 인간 말종 들 똑같이 해주자	FALSE
인간성 상실 처음 분노 다음 슬픔 한없는 미안함으로 는 물이 흐른다	FALSE
악마 같은 놈 잔인하다	FALSE
그걸 맞고 있냐 그냥 기회 될 때 밟아 죽여	FALSE
제발 이런 기사 나올 때 가슴 찢어집니다 인간 무자비함 도대체 어디 인지 말못하는 짐승 들 가지 얼마나 아프고 무서웠을까	FALSE
해외 살면서 만난 최악 종족 들 인도 스리랑카 방글 파키 어느 민족 좋은 사람 나쁜사람 있기 마련 인도 계 들 정말 대부분 사악하더라 거짓말 기본 짐승 못 인간성 들 ㅉㅉ	FALSE
미개한 종족 들	FALSE
니 들 조국 죽도록 패 sbs 아무 였습니다 할 때 뭐 다르지	FALSE
가혹한 수준 조선인 중국인 수준	FALSE
제발 코끼리 생명 위해 관광 가서 코끼리 타지 마세요 부탁 합니다	FALSE
저 나라 멸망 안되나 잔인해서 못 보겠다 코끼리 제발 타지 마세요 너무 불쌍하고 수명 긴만큼 고통 받고 살았을 코끼리 누가 제발 구출 해서 자연 돌려 보내면 얼마나 좋을까요 가슴 아프고 답답합니다	FALSE
인간 인간 답 살아라	TRUE
참 웃긴게 미국인 들 동물 사냥 해서 죽이면 문화 차이 후진국 동물 죽이면 동물학대 ㅋㅋㅋㅋㅋㅋ 이중 잣 대 그냥 둘다 동물학대 ㅋㅋㅋㅋ	FALSE
짐승 못 불쌍한 인간 들 저주받아 죽어라 ㅡㅡㅡ	FALSE
저런 인간 들 천벌 받게 해주세요 제발 ㅠㅠ	FALSE
Sbs 가 진짜 망할려나 보다 유튜브 이상한 정치 방송 하더니 뉴스 딱이 대체 뭐	FALSE
그냥 처벌 하지말고 저 인간 들 똑같이 하면 될듯	FALSE
지보 약 한 것 들 몹쓸 짓 하는것 들은 누구 막론 하구 분쇄기 갈아 버려 야함	FALSE
니 들 그러니까 못 사는거야	FALSE
인간 문제	FALSE
짜증나네요 ㅠㅠ	FALSE
코끼리 벌떡 일어나서 저 것 들 좀 때려 줬음 좋겠다 죽여도 상관 없으니까	FALSE
동물 학대 자 들 전부 죽어 지렁이 전부 다시 태어나라 불나방 몹쓸 인간 색기 들	FALSE
동물 다 풀어서 자연 보내라	FALSE
동물 저리 묶여서 매 맞을 정도 무엇 잘 못 했을까 그저 사람 욕심 사람 의도 되지 않으니 그러는 걸텐데 불쌍하네 라면 봉지 보아 하니 심 안 면 같은데 저리 발뻄해 되는 건가 유통 기한 이 넘은게 나왔는데	FALSE
사실 동물원 수족관 마찬가지 집 구석 매일 열 시간 넘게 갇혀 살며 자유의지 아무 것 못 하는 애완동물 들 똑같이 학대 당하는 거지 때려 패 것 학대 감금 사육 지 꼴릴 때 더듬고 욕구 푸는것도 학대 생명체 자유 의지 따라 살아야 하는데 ㅈ 간이 문제	FALSE
진짜 똑같이 해주고싶다 ㅜㅜ 같은 인간 너무 미안하다	FALSE
나쁜 ㅠㅠ	FALSE
모든 생물 마찬가지 그것 하수도 생쥐 학대 하는 행위 반 인간 적 행위 빠른 정신 치료 받기를 바란다	FALSE
코끼리 타지 말쟈 무식한것 들이 동물 학대 하는거 봐라 천벌 받을것이다	FALSE
그 나라 약해 빠져 시민 의식 뒤 쳐진 나라 사는 동물 들 무슨 죄인	FALSE
코끼리 대 맞짱 시켜 봐라 어디 누가 이기 보자	FALSE
종교 없어져야해 개무 쓸모	FALSE
말 달리는것도 말 엉덩이 때려서 달리 하는건데 이 것 일종 학대 아닌가	FALSE
아 화나 동물 학대 하지마라 천벌 받는다	FALSE
유독 우리나라 기독교 배타 적 성향 짙다고 보여지는건 몇몇 목사 신도 들 하나님 뜻 아전 수격 왜곡 하여 사람 들 현혹 하기 때문 입니다	FALSE
이단 이단 교주 만들기 하지만 정통 주장 하는 교주 목사 자신 들 필요 의해 만들기 한다 예수님 행적 보고 말씀 따르는 일 집중 하지 않은 모든 교회 그냥 목사 돈 벌이 수단	FALSE
이상하게도 고 대사 관련 뉴스 환독 병자 들 좌표 찍고 몰려오지 않고 있다	FALSE
그래 봐야 일본 망해가는 중 ㅋ	FALSE
서양 통해 기독교 온 줄 알았는데 항상 세상 더 넖 볼 필요 있다는 생각 들게 하는 기사 였습니다	TRUE
네스토리우스파 비운 파였다 예수 육신 인간 영혼 신 이리 주장 마리아 인간 육신 예수 낳은 것 마리아 숭배 하믄 안된다고 했고 그러나 당시 카톨릭 주류 파는 야만 게르만족 등 선교 하믄서 그 들 기존 종교 대지모신 숭배 와 결합 마리아 신 추대 했거든 마리아 기도 따라서 네스토리우스파 장애 됬고 당시 이미 예수 사후 수 백년 지난 시점 수 백년 전 예수 신의 아들 선교 하다 죽었으나 하늘 승천 했고 구세주 해도 야만인 들 안 먹혔던 거	FALSE
일단 그 시대 가톨릭 정교회 분열 이전 가톨릭 아니라 초기 기독교 맞습니다 덧붙여 테오토코스 논쟁 지리 적 보면 정교회 모태 되는 동방교회 주도 적 진행 되었으니 굳이 기독교 쓰기 싫으면 정교회 하는게 맞습니다 그리고 테오토코스 하느님 어머니 논쟁 마리아 신격화 하기 위 교리 아니라 예수 완전한 사람 이자 완전한 하느님 교리 때문 나온 겁니다 네스토리우스 예수 인성 신성 나누었고 마리아 인성 낳았다 크리스 토 코스 고 주장 해서 이단 정 되 된 겁니다	TRUE
그래도 결국 이단	FALSE
나 다르면 다 이단 ㅋㅋㅋ 착한 이단 있고 나쁜 이 단도 있는데 이단 다 나쁜 걸 로만 말 하 그게 문제	FALSE
성모 마리아 그냥 인간 본다는것 자체 이단	FALSE
지금 아무 글 쓴 놈 핀트 못 잡고 계시 제 정리 해 드림 굳이 카톨릭 부른다 은근 슬쩍 천주교 성모 숭배 하는 종파 몰아 간다 되돼헷갈충 이 세 가지 사실 봐도 머 갈 텅텅 빈 노 근본 노 족보 개악 교 집사 충 천주교 욕 하려고 엄 네스토리우스 끌어다 붙이는 건데 ㅇㅅㅇ 정작 이 놈 보고 시카고 이라크 가서 네스토리우스 믿으라고 하면 길길이 날뛰며 사탄 물러가라고 입 게거품 물걸	FALSE
성모 ㅋㅋ 세미라미스 신화 아냐 성모 고대 바벨론 여신 사상 세미라미스 짝퉁 불과하다 ㅎ 마리아 훌륭한 여성 이자 신도 여신 아니다 ㅎㅎ	FALSE
물이 바다 덮 음 대한민국 하나님 아는 지식 가득 차기 예수 한국 복음 통일 되 기를 선교 한국 되 기를	TRUE
바다 자체 물이 둘 갈라져 피터지면서 뭔 복음 바라나 니 하나님 이면 한반도 복 주시겟니	FALSE
기독교 핵심 가치 네 이웃 사랑 하는 것 입니다 네 자신 같이요 지금 기독교 이타 심은 없고 이기심 이웃 사랑 없고 자기 식구 들 있습니다 법 질서 없고 편 불법 무질서 난무 합니다 심지어 자리 세습 재산 세습 니요 국가 강력한 처벌 피해자 대한 보상 필요합니다 이웃 사랑 심지어 한 알 밀알 되어 죽음 많은 이 들 이 부조리한 구조 바꾸어가는 노력 없고 명 착취 명 잘살고 있다고 광고 하는 방식 세상 더욱 어둠 속 갇히고 다수 하위 국민 들 죽어가겠죠	TRUE
기독교 말 하는 핵심 가치 대해 진짜 알 글 올린게 맞는지	FALSE
기독교 본질 인 본 주의 사상 아니란다 글 쓴아 ㅡㅡ	FALSE
글쓴이님 님 말 주님 네 이웃 사랑 하 하신게 맞어요 하지만 자리 세습 재산 세습 네 이웃 사랑 하는 것 어떤 상호 연관 성 있나요 자리 세습 하면 이웃 사랑 하지 않는것인가요 재산 세습 하면 네 이웃 사랑 하지 않는 것 주님 말씀 하신 사랑 돈 명예 내려놓아야 가능한건 가요 돈 명예 있어도 주님 따르는 삶 돈 명예 없어도 주님 따르는 삶 어때야 한다고 보세요 또한 주님 하신 일 선하지 않으면 주님 벌 하실 터 어째서 국가 나서야 하죠 님 주인 국가 주님 이	TRUE
기독교 시기 종교 저 때 상대방 이단 아웅다웅 배척 했다는게 믿기지 않는군	FALSE
통일신라 아니라 남북조 신라 맞는 말임	FALSE
고정관념 많은 교류 있긴 했었을 껄 봅니다 길도 있고 바 닷 길 육 지 길 정치 적 갈등 없다면 이익 거두려 오가는 사람 당시 당연히 있었을것전란 통 패배 자 그룹 중 일부 외국 튀었을것이고 그럴려면 정치 적 버틸 힘 있는 큰나라 선호 했을것이고 너무 기존 식이 폐쇄적 보는건 아닌지 반성 해봐야 될 어찌 보면 당연한건데 말 이	FALSE
종교 인류 만든 최악 산 물이 수십억 수백억 사람 들 종교 때문 죽어 나갔다 특히 기독교 전도 포장 아메리카 원주민 이슬람 아시아 끊임없이 정복 전쟁 앞장서 왔다	FALSE
과학 인류 만든 최악 산 물이 과학기술 앞세워 온갖 무기 들 만들어서 수십억 수백억 사람 들 죽이는 데 이용 되었다 특히 최첨단 무기 무장 유럽인 들 원 시 무기 무장 아메리카 원주민 이슬람 아시아 끊임없이 정복 전쟁 앞장서 왔다	FALSE
다른건 몰라도 돈 밝히는 종교 쟁이 과학 부정 하는 종교 쟁이 믿고 걸러 됨	FALSE
옛날 국민학교 시절 선생님 동 짓날 빨간 팥죽 먹고 문지방 뿌리는 우리나라 고유 전통 신라시대 기독교 영향 받아서 우리나라 전통 된 것 같다고 말씀 하셨는데 일리 있는 말	FALSE
신라 바알 신앙 믿었으며 바알 신앙 신라 신도 되었지요 첨성대 바알 신의 애 미 이슈타르 모시는 지구라트 단군 바알 신의 애비 다 곤신 神 이라네요 이 것 신라 백 제 불교 반대 이유 이지 맞음 틀림 몰라서 물음	FALSE
종교 인류 재앙 종교 전쟁 지금 수억 수십억 명 죽었다	FALSE
	FALSE
	FALSE
	FALSE
	FALSE
	FALSE
	FALSE
	FALSE
	FALSE
	FALSE
	FALSE
	FALSE
	FALSE
	FALSE
	FALSE
	FALSE
	FALSE
	FALSE
	FALSE
	FALSE
	FALSE
	FALSE
	FALSE
	FALSE
	FALSE
	FALSE
	FALSE
	FALSE
	FALSE
	FALSE
	FALSE
	FALSE
	FALSE
	FALSE
	FALSE
	FALSE
	FALSE
	FALSE
	FALSE
	FALSE
	FALSE
	FALSE
	FALSE
	FALSE
	FALSE
	FALSE
	FALSE
	FALSE
	FALSE
	FALSE
	FALSE
	FALSE
	FALSE
	FALSE
	FALSE
	FALSE
	FALSE
	FALSE
	FALSE
	FALSE
	FALSE
	FALSE
	FALSE
	FALSE
	FALSE
	FALSE
	FALSE
	FALSE
	FALSE
	FALSE
	FALSE
	FALSE
	FALSE
	FALSE
	FALSE
	FALSE
	FALSE
	FALSE
	FALSE
	FALSE
	FALSE
	FALSE
	FALSE
	FALSE
	FALSE
	FALSE
	FALSE
	FALSE
	FALSE
	FALSE
	FALSE
	FALSE
	FALSE
	FALSE
	FALSE
	FALSE
	FALSE
	FALSE
	FALSE
	FALSE
	FALSE
	FALSE
	FALSE
	FALSE
	FALSE
	FALSE
	FALSE
	FALSE
	FALSE
	FALSE
	FALSE
	FALSE
	FALSE
	FALSE
	FALSE
	FALSE
	FALSE
	FALSE
	FALSE
	FALSE
	FALSE
	FALSE
	FALSE
	FALSE
	FALSE
	FALSE
	FALSE
	FALSE
	FALSE
	FALSE
	FALSE
	FALSE
	FALSE
	FALSE
	FALSE
	FALSE
	FALSE
	FALSE
	FALSE
	FALSE
	FALSE
	FALSE
	FALSE
	FALSE
	FALSE
	FALSE
	FALSE
	FALSE
	FALSE
	FALSE
	FALSE
	FALSE
	FALSE
	FALSE
	FALSE
	FALSE
	FALSE
	FALSE
	FALSE
	FALSE
	FALSE
	FALSE
	FALSE
	FALSE
	FALSE
	FALSE
	FALSE
	FALSE
	FALSE
	FALSE
	FALSE
	FALSE
	FALSE
	FALSE
	FALSE
	FALSE
	FALSE
	FALSE
	FALSE
	FALSE
	FALSE
	FALSE
	FALSE
	FALSE
	FALSE
	FALSE
	FALSE
	FALSE
	FALSE
	FALSE
	FALSE
	FALSE
	FALSE
	FALSE
	FALSE
	FALSE
	FALSE
	FALSE
	FALSE
	FALSE
	FALSE
	FALSE
	FALSE
	FALSE
	FALSE
	FALSE
	FALSE
	FALSE
	FALSE
	FALSE
	FALSE
	FALSE
	FALSE
	FALSE
	FALSE
	FALSE
	FALSE
	FALSE
	FALSE
	FALSE
	FALSE
	FALSE
	FALSE
	FALSE
	FALSE
	FALSE
	FALSE
	FALSE
	FALSE
	FALSE
	FALSE
	FALSE
	FALSE
	FALSE
	FALSE
	FALSE
	FALSE
	FALSE
	FALSE
	FALSE
	FALSE
	FALSE
	FALSE
	FALSE
	FALSE
	FALSE
	FALSE
	FALSE
	FALSE
	FALSE
	FALSE
	FALSE
	FALSE
	FALSE
	FALSE
	FALSE
	FALSE
	FALSE
	FALSE
	FALSE
	FALSE
	FALSE
	FALSE
	FALSE
	FALSE
	FALSE
	FALSE
	FALSE
	FALSE
	FALSE
	FALSE
	FALSE
	FALSE
	FALSE
	FALSE
	FALSE
	FALSE
	FALSE
	FALSE
	FALSE
	FALSE
	FALSE
	FALSE
	FALSE
	FALSE
	FALSE
	FALSE
	FALSE
	FALSE
	FALSE
	FALSE
	FALSE
	FALSE
	FALSE
	FALSE
	FALSE
	FALSE
	FALSE
	FALSE
	FALSE
	FALSE
	FALSE
	FALSE
	FALSE
	FALSE
	FALSE
	FALSE
	FALSE
	FALSE
	FALSE
	FALSE
	FALSE
	FALSE
	FALSE
	FALSE
	FALSE
	FALSE
	FALSE
	FALSE
	FALSE
	FALSE
	FALSE
	FALSE
	FALSE
	FALSE
	FALSE
	FALSE
	FALSE
	FALSE
	FALSE
	FALSE
	FALSE
	FALSE
	FALSE
	FALSE
	FALSE
	FALSE
	FALSE
	FALSE
	FALSE
	FALSE
	FALSE
	FALSE
	FALSE
	FALSE
	FALSE
	FALSE
	FALSE
	FALSE
	FALSE
	FALSE
	FALSE
	FALSE
	FALSE
	FALSE
	FALSE
	FALSE
	FALSE
	FALSE
	FALSE
	FALSE
	FALSE
	FALSE
	FALSE
	FALSE
	FALSE
	FALSE
	FALSE
	FALSE
	FALSE
	FALSE
	FALSE
	FALSE
	FALSE
	FALSE
	FALSE
	FALSE
	FALSE
	FALSE
	FALSE
	FALSE
	FALSE
	FALSE
	FALSE
	FALSE
	FALSE
	FALSE
	FALSE
	FALSE
	FALSE
	FALSE
	FALSE
	FALSE
	FALSE
	FALSE
	FALSE
	FALSE
	FALSE
	FALSE
	FALSE
	FALSE
	FALSE
	FALSE
	FALSE
	FALSE
	FALSE
	FALSE
	FALSE
	FALSE
	FALSE
	FALSE
	FALSE
	FALSE
	FALSE
	FALSE
	FALSE
	FALSE
	FALSE
	FALSE
	FALSE
	FALSE
	FALSE
	FALSE
	FALSE
	FALSE
	FALSE
	FALSE
	FALSE
	FALSE
	FALSE
	FALSE
	FALSE
	FALSE
	FALSE
	FALSE
	FALSE
	FALSE
	FALSE
	FALSE
	FALSE
	FALSE
	FALSE
	FALSE
	FALSE
	FALSE
	FALSE
	FALSE
	FALSE
	FALSE
	FALSE
	FALSE
	FALSE
	FALSE
	FALSE
	FALSE
	FALSE
	FALSE
	FALSE
	FALSE
	FALSE
	FALSE
	FALSE
	FALSE
	FALSE
	FALSE
	FALSE
	FALSE
	FALSE
	FALSE
	FALSE
	FALSE
	FALSE
	FALSE
	FALSE
	FALSE
	FALSE
	FALSE
	FALSE
	FALSE